sample_id,noise_type,snr_db,method,pesq,stoi
1089-134686-0000,white,-5,noisy,1.0312,0.6629
1089-134686-0000,white,-5,wiener,1.0461,0.7257
1089-134686-0000,white,-5,spectral_sub,1.043,0.6506
1089-134686-0000,white,0,noisy,1.0399,0.7596
1089-134686-0000,white,0,wiener,1.0742,0.8013
1089-134686-0000,white,0,spectral_sub,1.0877,0.7643
1089-134686-0000,white,5,noisy,1.0571,0.8468
1089-134686-0000,white,5,wiener,1.1332,0.8414
1089-134686-0000,white,5,spectral_sub,1.2126,0.8595
1089-134686-0000,white,10,noisy,1.1086,0.916
1089-134686-0000,white,10,wiener,1.2482,0.8638
1089-134686-0000,white,10,spectral_sub,1.4399,0.9278
1089-134686-0000,white,15,noisy,1.2646,0.9614
1089-134686-0000,white,15,wiener,1.4174,0.8776
1089-134686-0000,white,15,spectral_sub,1.811,0.9669
1089-134686-0000,white,20,noisy,1.5301,0.9851
1089-134686-0000,white,20,wiener,1.5367,0.8856
1089-134686-0000,white,20,spectral_sub,2.3054,0.9854
1089-134686-0000,pink,-5,noisy,1.5181,0.9511
1089-134686-0000,pink,-5,wiener,1.1474,0.8471
1089-134686-0000,pink,-5,spectral_sub,1.9371,0.9532
1089-134686-0000,pink,0,noisy,1.9019,0.9792
1089-134686-0000,pink,0,wiener,1.2055,0.873
1089-134686-0000,pink,0,spectral_sub,2.4473,0.9809
1089-134686-0000,pink,5,noisy,2.3898,0.9924
1089-134686-0000,pink,5,wiener,1.2842,0.8855
1089-134686-0000,pink,5,spectral_sub,3.058,0.9927
1089-134686-0000,pink,10,noisy,2.9283,0.9974
1089-134686-0000,pink,10,wiener,1.3785,0.8904
1089-134686-0000,pink,10,spectral_sub,3.6612,0.9974
1089-134686-0000,pink,15,noisy,3.5101,0.9992
1089-134686-0000,pink,15,wiener,1.4745,0.8922
1089-134686-0000,pink,15,spectral_sub,4.0108,0.9991
1089-134686-0000,pink,20,noisy,4.0366,0.9997
1089-134686-0000,pink,20,wiener,1.5569,0.8927
1089-134686-0000,pink,20,spectral_sub,4.1839,0.9997
1089-134686-0000,soundtrack,-5,noisy,1.0563,0.7393
1089-134686-0000,soundtrack,-5,wiener,1.0777,0.7065
1089-134686-0000,soundtrack,-5,spectral_sub,1.0764,0.7106
1089-134686-0000,soundtrack,0,noisy,1.1156,0.8229
1089-134686-0000,soundtrack,0,wiener,1.1217,0.778
1089-134686-0000,soundtrack,0,spectral_sub,1.1587,0.8073
1089-134686-0000,soundtrack,5,noisy,1.26,0.8935
1089-134686-0000,soundtrack,5,wiener,1.1619,0.8224
1089-134686-0000,soundtrack,5,spectral_sub,1.3347,0.8893
1089-134686-0000,soundtrack,10,noisy,1.5421,0.9453
1089-134686-0000,soundtrack,10,wiener,1.2127,0.855
1089-134686-0000,soundtrack,10,spectral_sub,1.7029,0.9454
1089-134686-0000,soundtrack,15,noisy,1.9775,0.9768
1089-134686-0000,soundtrack,15,wiener,1.2989,0.876
1089-134686-0000,soundtrack,15,spectral_sub,2.1962,0.9781
1089-134686-0000,soundtrack,20,noisy,2.5434,0.9918
1089-134686-0000,soundtrack,20,wiener,1.3998,0.8865
1089-134686-0000,soundtrack,20,spectral_sub,2.823,0.9921
1188-133604-0001,white,-5,noisy,1.0489,0.5034
1188-133604-0001,white,-5,wiener,1.0493,0.5147
1188-133604-0001,white,-5,spectral_sub,1.053,0.4969
1188-133604-0001,white,0,noisy,1.0515,0.5618
1188-133604-0001,white,0,wiener,1.0667,0.5598
1188-133604-0001,white,0,spectral_sub,1.0975,0.56
1188-133604-0001,white,5,noisy,1.0658,0.6157
1188-133604-0001,white,5,wiener,1.105,0.5908
1188-133604-0001,white,5,spectral_sub,1.2103,0.616
1188-133604-0001,white,10,noisy,1.1369,0.6694
1188-133604-0001,white,10,wiener,1.2018,0.6181
1188-133604-0001,white,10,spectral_sub,1.3488,0.6704
1188-133604-0001,white,15,noisy,1.2776,0.7258
1188-133604-0001,white,15,wiener,1.3505,0.6527
1188-133604-0001,white,15,spectral_sub,1.5152,0.7235
1188-133604-0001,white,20,noisy,1.4993,0.7888
1188-133604-0001,white,20,wiener,1.4784,0.6995
1188-133604-0001,white,20,spectral_sub,1.736,0.7838
1188-133604-0001,pink,-5,noisy,1.3625,0.8143
1188-133604-0001,pink,-5,wiener,1.1124,0.7024
1188-133604-0001,pink,-5,spectral_sub,1.6825,0.8172
1188-133604-0001,pink,0,noisy,1.8119,0.8499
1188-133604-0001,pink,0,wiener,1.1625,0.7367
1188-133604-0001,pink,0,spectral_sub,2.1187,0.8446
1188-133604-0001,pink,5,noisy,2.3702,0.8791
1188-133604-0001,pink,5,wiener,1.2288,0.766
1188-133604-0001,pink,5,spectral_sub,2.5737,0.8673
1188-133604-0001,pink,10,noisy,3.0129,0.9078
1188-133604-0001,pink,10,wiener,1.3362,0.7927
1188-133604-0001,pink,10,spectral_sub,3.0383,0.8895
1188-133604-0001,pink,15,noisy,3.6352,0.9359
1188-133604-0001,pink,15,wiener,1.4692,0.8185
1188-133604-0001,pink,15,spectral_sub,3.4207,0.9125
1188-133604-0001,pink,20,noisy,4.1503,0.9622
1188-133604-0001,pink,20,wiener,1.5887,0.8433
1188-133604-0001,pink,20,spectral_sub,3.6865,0.9315
1188-133604-0001,soundtrack,-5,noisy,1.0661,0.5601
1188-133604-0001,soundtrack,-5,wiener,1.0714,0.5235
1188-133604-0001,soundtrack,-5,spectral_sub,1.0605,0.5492
1188-133604-0001,soundtrack,0,noisy,1.1126,0.6268
1188-133604-0001,soundtrack,0,wiener,1.1034,0.5864
1188-133604-0001,soundtrack,0,spectral_sub,1.1048,0.6184
1188-133604-0001,soundtrack,5,noisy,1.2242,0.6993
1188-133604-0001,soundtrack,5,wiener,1.1374,0.6406
1188-133604-0001,soundtrack,5,spectral_sub,1.2026,0.6892
1188-133604-0001,soundtrack,10,noisy,1.4607,0.7716
1188-133604-0001,soundtrack,10,wiener,1.174,0.6925
1188-133604-0001,soundtrack,10,spectral_sub,1.4021,0.7539
1188-133604-0001,soundtrack,15,noisy,1.8228,0.8376
1188-133604-0001,soundtrack,15,wiener,1.2395,0.7422
1188-133604-0001,soundtrack,15,spectral_sub,1.6637,0.8146
1188-133604-0001,soundtrack,20,noisy,2.3003,0.8904
1188-133604-0001,soundtrack,20,wiener,1.3547,0.784
1188-133604-0001,soundtrack,20,spectral_sub,2.0836,0.866
121-121726-0000,white,-5,noisy,1.0289,0.7152
121-121726-0000,white,-5,wiener,1.0327,0.7367
121-121726-0000,white,-5,spectral_sub,1.0459,0.7216
121-121726-0000,white,0,noisy,1.0389,0.8167
121-121726-0000,white,0,wiener,1.0749,0.8138
121-121726-0000,white,0,spectral_sub,1.0973,0.8258
121-121726-0000,white,5,noisy,1.058,0.8949
121-121726-0000,white,5,wiener,1.1448,0.8593
121-121726-0000,white,5,spectral_sub,1.2705,0.9025
121-121726-0000,white,10,noisy,1.1186,0.9486
121-121726-0000,white,10,wiener,1.2573,0.8832
121-121726-0000,white,10,spectral_sub,1.6691,0.9539
121-121726-0000,white,15,noisy,1.3153,0.9793
121-121726-0000,white,15,wiener,1.3769,0.8943
121-121726-0000,white,15,spectral_sub,2.2473,0.981
121-121726-0000,white,20,noisy,1.7201,0.9932
121-121726-0000,white,20,wiener,1.4515,0.8995
121-121726-0000,white,20,spectral_sub,2.8074,0.9931
121-121726-0000,pink,-5,noisy,1.2341,0.9468
121-121726-0000,pink,-5,wiener,1.0702,0.8479
121-121726-0000,pink,-5,spectral_sub,2.0123,0.9565
121-121726-0000,pink,0,noisy,1.5749,0.9749
121-121726-0000,pink,0,wiener,1.1233,0.8761
121-121726-0000,pink,0,spectral_sub,2.7783,0.9805
121-121726-0000,pink,5,noisy,2.0511,0.9896
121-121726-0000,pink,5,wiener,1.2008,0.8913
121-121726-0000,pink,5,spectral_sub,3.4792,0.9922
121-121726-0000,pink,10,noisy,2.4848,0.9956
121-121726-0000,pink,10,wiener,1.2924,0.8979
121-121726-0000,pink,10,spectral_sub,3.9615,0.997
121-121726-0000,pink,15,noisy,3.286,0.9981
121-121726-0000,pink,15,wiener,1.3959,0.9007
121-121726-0000,pink,15,spectral_sub,4.2478,0.9988
121-121726-0000,pink,20,noisy,3.8638,0.9992
121-121726-0000,pink,20,wiener,1.4839,0.902
121-121726-0000,pink,20,spectral_sub,4.3902,0.9995
121-121726-0000,soundtrack,-5,noisy,1.0412,0.776
121-121726-0000,soundtrack,-5,wiener,1.0401,0.7084
121-121726-0000,soundtrack,-5,spectral_sub,1.0758,0.7563
121-121726-0000,soundtrack,0,noisy,1.0938,0.8485
121-121726-0000,soundtrack,0,wiener,1.0726,0.7812
121-121726-0000,soundtrack,0,spectral_sub,1.1775,0.8418
121-121726-0000,soundtrack,5,noisy,1.2089,0.9038
121-121726-0000,soundtrack,5,wiener,1.1219,0.8257
121-121726-0000,soundtrack,5,spectral_sub,1.368,0.9038
121-121726-0000,soundtrack,10,noisy,1.4817,0.9456
121-121726-0000,soundtrack,10,wiener,1.1799,0.8567
121-121726-0000,soundtrack,10,spectral_sub,1.772,0.9504
121-121726-0000,soundtrack,15,noisy,1.9212,0.9743
121-121726-0000,soundtrack,15,wiener,1.2452,0.8796
121-121726-0000,soundtrack,15,spectral_sub,2.3559,0.9777
121-121726-0000,soundtrack,20,noisy,2.4864,0.9895
121-121726-0000,soundtrack,20,wiener,1.3299,0.8929
121-121726-0000,soundtrack,20,spectral_sub,2.9461,0.9906
1221-135766-0002,white,-5,noisy,1.0479,0.6235
1221-135766-0002,white,-5,wiener,1.0445,0.665
1221-135766-0002,white,-5,spectral_sub,1.1101,0.6569
1221-135766-0002,white,0,noisy,1.0735,0.7486
1221-135766-0002,white,0,wiener,1.0918,0.7398
1221-135766-0002,white,0,spectral_sub,1.3157,0.7839
1221-135766-0002,white,5,noisy,1.1803,0.8557
1221-135766-0002,white,5,wiener,1.1561,0.7956
1221-135766-0002,white,5,spectral_sub,1.6623,0.8825
1221-135766-0002,white,10,noisy,1.4748,0.9287
1221-135766-0002,white,10,wiener,1.194,0.8353
1221-135766-0002,white,10,spectral_sub,2.1591,0.9421
1221-135766-0002,white,15,noisy,2.0936,0.9686
1221-135766-0002,white,15,wiener,1.2088,0.8604
1221-135766-0002,white,15,spectral_sub,2.5728,0.9739
1221-135766-0002,white,20,noisy,2.9778,0.988
1221-135766-0002,white,20,wiener,1.2191,0.875
1221-135766-0002,white,20,spectral_sub,2.9642,0.988
1221-135766-0002,pink,-5,noisy,1.1876,0.9172
1221-135766-0002,pink,-5,wiener,1.0497,0.8061
1221-135766-0002,pink,-5,spectral_sub,1.8833,0.9467
1221-135766-0002,pink,0,noisy,1.4838,0.9586
1221-135766-0002,pink,0,wiener,1.0649,0.8455
1221-135766-0002,pink,0,spectral_sub,2.2534,0.9735
1221-135766-0002,pink,5,noisy,2.0791,0.9813
1221-135766-0002,pink,5,wiener,1.0906,0.8676
1221-135766-0002,pink,5,spectral_sub,2.6014,0.9861
1221-135766-0002,pink,10,noisy,2.9609,0.9913
1221-135766-0002,pink,10,wiener,1.1205,0.8776
1221-135766-0002,pink,10,spectral_sub,2.7907,0.9918
1221-135766-0002,pink,15,noisy,3.7419,0.9959
1221-135766-0002,pink,15,wiener,1.153,0.8823
1221-135766-0002,pink,15,spectral_sub,3.005,0.9943
1221-135766-0002,pink,20,noisy,4.2368,0.9981
1221-135766-0002,pink,20,wiener,1.1838,0.8846
1221-135766-0002,pink,20,spectral_sub,3.1877,0.9954
1221-135766-0002,soundtrack,-5,noisy,1.0664,0.7698
1221-135766-0002,soundtrack,-5,wiener,1.0373,0.6933
1221-135766-0002,soundtrack,-5,spectral_sub,1.0712,0.7493
1221-135766-0002,soundtrack,0,noisy,1.1433,0.8402
1221-135766-0002,soundtrack,0,wiener,1.046,0.7485
1221-135766-0002,soundtrack,0,spectral_sub,1.1971,0.8311
1221-135766-0002,soundtrack,5,noisy,1.3323,0.8945
1221-135766-0002,soundtrack,5,wiener,1.0523,0.7965
1221-135766-0002,soundtrack,5,spectral_sub,1.4478,0.8974
1221-135766-0002,soundtrack,10,noisy,1.6878,0.9317
1221-135766-0002,soundtrack,10,wiener,1.0651,0.8244
1221-135766-0002,soundtrack,10,spectral_sub,1.7359,0.9399
1221-135766-0002,soundtrack,15,noisy,2.2072,0.9585
1221-135766-0002,soundtrack,15,wiener,1.0834,0.8465
1221-135766-0002,soundtrack,15,spectral_sub,2.0525,0.9656
1221-135766-0002,soundtrack,20,noisy,2.8456,0.9762
1221-135766-0002,soundtrack,20,wiener,1.1097,0.863
1221-135766-0002,soundtrack,20,spectral_sub,2.4396,0.9805
1284-1180-0000,white,-5,noisy,1.0211,0.6374
1284-1180-0000,white,-5,wiener,1.0243,0.6644
1284-1180-0000,white,-5,spectral_sub,1.0344,0.6084
1284-1180-0000,white,0,noisy,1.0254,0.7132
1284-1180-0000,white,0,wiener,1.042,0.7366
1284-1180-0000,white,0,spectral_sub,1.0684,0.6976
1284-1180-0000,white,5,noisy,1.0372,0.7779
1284-1180-0000,white,5,wiener,1.0753,0.7738
1284-1180-0000,white,5,spectral_sub,1.1666,0.775
1284-1180-0000,white,10,noisy,1.0652,0.8373
1284-1180-0000,white,10,wiener,1.1521,0.7972
1284-1180-0000,white,10,spectral_sub,1.4215,0.8409
1284-1180-0000,white,15,noisy,1.1469,0.8905
1284-1180-0000,white,15,wiener,1.3175,0.815
1284-1180-0000,white,15,spectral_sub,1.7985,0.8946
1284-1180-0000,white,20,noisy,1.3686,0.9349
1284-1180-0000,white,20,wiener,1.5306,0.8294
1284-1180-0000,white,20,spectral_sub,2.3048,0.9384
1284-1180-0000,pink,-5,noisy,1.2944,0.9468
1284-1180-0000,pink,-5,wiener,1.1029,0.8025
1284-1180-0000,pink,-5,spectral_sub,1.8681,0.9489
1284-1180-0000,pink,0,noisy,1.6712,0.975
1284-1180-0000,pink,0,wiener,1.2257,0.8284
1284-1180-0000,pink,0,spectral_sub,2.3584,0.9757
1284-1180-0000,pink,5,noisy,2.2168,0.9904
1284-1180-0000,pink,5,wiener,1.3754,0.8429
1284-1180-0000,pink,5,spectral_sub,3.0904,0.9905
1284-1180-0000,pink,10,noisy,2.7986,0.9968
1284-1180-0000,pink,10,wiener,1.4948,0.8495
1284-1180-0000,pink,10,spectral_sub,3.7042,0.9967
1284-1180-0000,pink,15,noisy,3.3731,0.999
1284-1180-0000,pink,15,wiener,1.597,0.8518
1284-1180-0000,pink,15,spectral_sub,4.1411,0.9989
1284-1180-0000,pink,20,noisy,3.8749,0.9997
1284-1180-0000,pink,20,wiener,1.684,0.8526
1284-1180-0000,pink,20,spectral_sub,4.3504,0.9996
1284-1180-0000,soundtrack,-5,noisy,1.039,0.6552
1284-1180-0000,soundtrack,-5,wiener,1.0413,0.6219
1284-1180-0000,soundtrack,-5,spectral_sub,1.0705,0.6293
1284-1180-0000,soundtrack,0,noisy,1.0756,0.7387
1284-1180-0000,soundtrack,0,wiener,1.0825,0.7001
1284-1180-0000,soundtrack,0,spectral_sub,1.1315,0.7306
1284-1180-0000,soundtrack,5,noisy,1.1857,0.8191
1284-1180-0000,soundtrack,5,wiener,1.1636,0.7582
1284-1180-0000,soundtrack,5,spectral_sub,1.2863,0.8183
1284-1180-0000,soundtrack,10,noisy,1.4271,0.8886
1284-1180-0000,soundtrack,10,wiener,1.2892,0.7982
1284-1180-0000,soundtrack,10,spectral_sub,1.65,0.8921
1284-1180-0000,soundtrack,15,noisy,1.8681,0.9388
1284-1180-0000,soundtrack,15,wiener,1.4348,0.8247
1284-1180-0000,soundtrack,15,spectral_sub,2.2222,0.9421
1284-1180-0000,soundtrack,20,noisy,2.4304,0.9705
1284-1180-0000,soundtrack,20,wiener,1.5581,0.8404
1284-1180-0000,soundtrack,20,spectral_sub,2.8669,0.9726
1320-122612-0001,white,-5,noisy,1.0209,0.6235
1320-122612-0001,white,-5,wiener,1.0219,0.6527
1320-122612-0001,white,-5,spectral_sub,1.0208,0.6039
1320-122612-0001,white,0,noisy,1.021,0.7009
1320-122612-0001,white,0,wiener,1.0299,0.7314
1320-122612-0001,white,0,spectral_sub,1.0316,0.6978
1320-122612-0001,white,5,noisy,1.0232,0.7831
1320-122612-0001,white,5,wiener,1.0455,0.7781
1320-122612-0001,white,5,spectral_sub,1.0941,0.7919
1320-122612-0001,white,10,noisy,1.036,0.8673
1320-122612-0001,white,10,wiener,1.1013,0.8108
1320-122612-0001,white,10,spectral_sub,1.2982,0.8834
1320-122612-0001,white,15,noisy,1.0915,0.9359
1320-122612-0001,white,15,wiener,1.2192,0.834
1320-122612-0001,white,15,spectral_sub,1.7014,0.9478
1320-122612-0001,white,20,noisy,1.2749,0.9752
1320-122612-0001,white,20,wiener,1.3353,0.8495
1320-122612-0001,white,20,spectral_sub,2.2729,0.9791
1320-122612-0001,pink,-5,noisy,1.1877,0.972
1320-122612-0001,pink,-5,wiener,1.0817,0.8396
1320-122612-0001,pink,-5,spectral_sub,1.7862,0.9766
1320-122612-0001,pink,0,noisy,1.4428,0.9899
1320-122612-0001,pink,0,wiener,1.1213,0.8564
1320-122612-0001,pink,0,spectral_sub,2.4777,0.9913
1320-122612-0001,pink,5,noisy,1.982,0.9967
1320-122612-0001,pink,5,wiener,1.1666,0.8629
1320-122612-0001,pink,5,spectral_sub,3.0622,0.9969
1320-122612-0001,pink,10,noisy,2.6763,0.9989
1320-122612-0001,pink,10,wiener,1.2317,0.8653
1320-122612-0001,pink,10,spectral_sub,3.5746,0.9989
1320-122612-0001,pink,15,noisy,3.3334,0.9997
1320-122612-0001,pink,15,wiener,1.3203,0.866
1320-122612-0001,pink,15,spectral_sub,3.9535,0.9996
1320-122612-0001,pink,20,noisy,3.8555,0.9999
1320-122612-0001,pink,20,wiener,1.3932,0.8663
1320-122612-0001,pink,20,spectral_sub,4.2009,0.9998
1320-122612-0001,soundtrack,-5,noisy,1.027,0.7044
1320-122612-0001,soundtrack,-5,wiener,1.0349,0.6458
1320-122612-0001,soundtrack,-5,spectral_sub,1.0392,0.681
1320-122612-0001,soundtrack,0,noisy,1.0477,0.8065
1320-122612-0001,soundtrack,0,wiener,1.0603,0.7478
1320-122612-0001,soundtrack,0,spectral_sub,1.0744,0.7906
1320-122612-0001,soundtrack,5,noisy,1.0953,0.8923
1320-122612-0001,soundtrack,5,wiener,1.1021,0.8022
1320-122612-0001,soundtrack,5,spectral_sub,1.1713,0.8875
1320-122612-0001,soundtrack,10,noisy,1.2279,0.9503
1320-122612-0001,soundtrack,10,wiener,1.1409,0.8323
1320-122612-0001,soundtrack,10,spectral_sub,1.4651,0.95
1320-122612-0001,soundtrack,15,noisy,1.5655,0.9812
1320-122612-0001,soundtrack,15,wiener,1.1855,0.852
1320-122612-0001,soundtrack,15,spectral_sub,1.9794,0.9813
1320-122612-0001,soundtrack,20,noisy,2.1315,0.9937
1320-122612-0001,soundtrack,20,wiener,1.2382,0.8609
1320-122612-0001,soundtrack,20,spectral_sub,2.6526,0.9937
