sample_id,snr_db,method,wer,cer,inference_ms,rtf,estimated_snr_before
1089-134686-0000,-5,raw,0.2857142857142857,0.08860759493670886,230.2,0.0221,23.69
1089-134686-0000,-5,wiener,1.0714285714285714,0.6265822784810127,1659.3,0.159,23.69
1089-134686-0000,-5,spectral_sub,0.39285714285714285,0.189873417721519,265.4,0.0254,23.69
1089-134686-0000,-5,adaptive,0.8214285714285714,0.36075949367088606,525.9,0.0504,23.69
1089-134686-0000,0,raw,0.25,0.06962025316455696,217.9,0.0209,23.71
1089-134686-0000,0,wiener,0.42857142857142855,0.17721518987341772,232.3,0.0223,23.71
1089-134686-0000,0,spectral_sub,0.25,0.06962025316455696,234.3,0.0225,23.71
1089-134686-0000,0,adaptive,0.42857142857142855,0.17721518987341772,217.5,0.0208,23.71
1089-134686-0000,5,raw,0.25,0.05063291139240506,238.6,0.0229,24.89
1089-134686-0000,5,wiener,0.32142857142857145,0.08860759493670886,214.1,0.0205,24.89
1089-134686-0000,5,spectral_sub,0.25,0.06962025316455696,222.4,0.0213,24.89
1089-134686-0000,5,adaptive,0.32142857142857145,0.08860759493670886,239.2,0.0229,24.89
1089-134686-0000,10,raw,0.21428571428571427,0.06329113924050633,226.8,0.0217,27.13
1089-134686-0000,10,wiener,0.2857142857142857,0.0759493670886076,240.6,0.0231,27.13
1089-134686-0000,10,spectral_sub,0.17857142857142858,0.056962025316455694,228.7,0.0219,27.13
1089-134686-0000,10,adaptive,0.2857142857142857,0.0759493670886076,220.9,0.0212,27.13
1089-134686-0000,20,raw,0.17857142857142858,0.056962025316455694,240.6,0.0231,31.72
1089-134686-0000,20,wiener,0.25,0.06962025316455696,223.8,0.0215,31.72
1089-134686-0000,20,spectral_sub,0.17857142857142858,0.056962025316455694,237.7,0.0228,31.72
1089-134686-0000,20,adaptive,0.25,0.06962025316455696,224.1,0.0215,31.72
1188-133604-0001,-5,raw,0.2222222222222222,0.10526315789473684,210.5,0.0233,25.71
1188-133604-0001,-5,wiener,0.8333333333333334,0.3684210526315789,207.8,0.023,25.71
1188-133604-0001,-5,spectral_sub,0.2222222222222222,0.09649122807017543,195.5,0.0216,25.71
1188-133604-0001,-5,adaptive,0.8333333333333334,0.3684210526315789,210.0,0.0232,25.71
1188-133604-0001,0,raw,0.2222222222222222,0.10526315789473684,191.4,0.0212,26.4
1188-133604-0001,0,wiener,0.6111111111111112,0.3157894736842105,203.8,0.0225,26.4
1188-133604-0001,0,spectral_sub,0.2222222222222222,0.09649122807017543,220.0,0.0243,26.4
1188-133604-0001,0,adaptive,0.6111111111111112,0.3157894736842105,203.0,0.0225,26.4
1188-133604-0001,5,raw,0.2777777777777778,0.09649122807017543,226.1,0.025,28.09
1188-133604-0001,5,wiener,0.3888888888888889,0.20175438596491227,197.8,0.0219,28.09
1188-133604-0001,5,spectral_sub,0.2777777777777778,0.08771929824561403,212.7,0.0235,28.09
1188-133604-0001,5,adaptive,0.3888888888888889,0.20175438596491227,208.3,0.023,28.09
1188-133604-0001,10,raw,0.3333333333333333,0.11403508771929824,239.9,0.0265,30.09
1188-133604-0001,10,wiener,0.2222222222222222,0.14035087719298245,210.9,0.0233,30.09
1188-133604-0001,10,spectral_sub,0.16666666666666666,0.10526315789473684,196.2,0.0217,30.09
1188-133604-0001,10,adaptive,0.2222222222222222,0.14035087719298245,199.2,0.022,30.09
1188-133604-0001,20,raw,0.3888888888888889,0.12280701754385964,213.2,0.0236,32.91
1188-133604-0001,20,wiener,0.3888888888888889,0.14912280701754385,211.6,0.0234,32.91
1188-133604-0001,20,spectral_sub,0.3888888888888889,0.12280701754385964,201.5,0.0223,32.91
1188-133604-0001,20,adaptive,0.3888888888888889,0.14912280701754385,197.6,0.0219,32.91
121-121726-0000,-5,raw,0.23529411764705882,0.10576923076923077,482.0,0.057,22.92
121-121726-0000,-5,wiener,0.8235294117647058,0.5673076923076923,1274.1,0.1506,22.92
121-121726-0000,-5,spectral_sub,0.35294117647058826,0.14423076923076922,217.5,0.0257,22.92
121-121726-0000,-5,adaptive,0.8823529411764706,0.5769230769230769,1122.8,0.1327,22.92
121-121726-0000,0,raw,0.4117647058823529,0.17307692307692307,305.1,0.0361,23.16
121-121726-0000,0,wiener,0.7058823529411765,0.47115384615384615,195.0,0.0231,23.16
121-121726-0000,0,spectral_sub,0.47058823529411764,0.15384615384615385,314.0,0.0371,23.16
121-121726-0000,0,adaptive,0.7058823529411765,0.47115384615384615,207.5,0.0245,23.16
121-121726-0000,5,raw,0.5294117647058824,0.22115384615384615,739.0,0.0874,24.76
121-121726-0000,5,wiener,0.35294117647058826,0.25,174.6,0.0206,24.76
121-121726-0000,5,spectral_sub,0.47058823529411764,0.18269230769230768,319.7,0.0378,24.76
121-121726-0000,5,adaptive,0.35294117647058826,0.25,172.0,0.0203,24.76
121-121726-0000,10,raw,0.35294117647058826,0.08653846153846154,206.9,0.0245,27.45
121-121726-0000,10,wiener,0.058823529411764705,0.009615384615384616,208.0,0.0246,27.45
121-121726-0000,10,spectral_sub,0.35294117647058826,0.09615384615384616,202.7,0.024,27.45
121-121726-0000,10,adaptive,0.058823529411764705,0.009615384615384616,187.9,0.0222,27.45
121-121726-0000,20,raw,0.35294117647058826,0.09615384615384616,228.2,0.027,34.05
121-121726-0000,20,wiener,0.35294117647058826,0.09615384615384616,688.7,0.0814,34.05
121-121726-0000,20,spectral_sub,0.35294117647058826,0.0673076923076923,195.5,0.0231,34.05
121-121726-0000,20,adaptive,0.35294117647058826,0.09615384615384616,708.7,0.0838,34.05
1221-135766-0002,-5,raw,0.18181818181818182,0.05405405405405406,204.1,0.0423,20.58
1221-135766-0002,-5,wiener,0.5454545454545454,0.3108108108108108,175.2,0.0363,20.58
1221-135766-0002,-5,spectral_sub,0.18181818181818182,0.05405405405405406,201.2,0.0417,20.58
1221-135766-0002,-5,adaptive,0.5454545454545454,0.3108108108108108,183.5,0.038,20.58
1221-135766-0002,0,raw,0.18181818181818182,0.05405405405405406,176.5,0.0366,20.35
1221-135766-0002,0,wiener,1.0,0.5135135135135135,207.1,0.0429,20.35
1221-135766-0002,0,spectral_sub,0.18181818181818182,0.05405405405405406,178.8,0.0371,20.35
1221-135766-0002,0,adaptive,1.0,0.5135135135135135,192.2,0.0398,20.35
1221-135766-0002,5,raw,0.18181818181818182,0.05405405405405406,191.6,0.0397,21.8
1221-135766-0002,5,wiener,1.0,0.40540540540540543,338.8,0.0702,21.8
1221-135766-0002,5,spectral_sub,0.18181818181818182,0.05405405405405406,191.5,0.0397,21.8
1221-135766-0002,5,adaptive,0.9090909090909091,0.3783783783783784,323.8,0.0671,21.8
1221-135766-0002,10,raw,0.18181818181818182,0.05405405405405406,179.0,0.0371,24.26
1221-135766-0002,10,wiener,0.6363636363636364,0.22972972972972974,192.7,0.0399,24.26
1221-135766-0002,10,spectral_sub,0.18181818181818182,0.05405405405405406,172.4,0.0357,24.26
1221-135766-0002,10,adaptive,0.6363636363636364,0.22972972972972974,179.5,0.0372,24.26
1221-135766-0002,20,raw,0.18181818181818182,0.05405405405405406,194.4,0.0403,28.18
1221-135766-0002,20,wiener,0.2727272727272727,0.0945945945945946,175.5,0.0364,28.18
1221-135766-0002,20,spectral_sub,0.18181818181818182,0.05405405405405406,174.9,0.0363,28.18
1221-135766-0002,20,adaptive,0.2727272727272727,0.0945945945945946,200.3,0.0415,28.18
1284-1180-0000,-5,raw,0.25,0.1015625,212.0,0.0261,21.81
1284-1180-0000,-5,wiener,1.125,0.71875,260.8,0.0321,21.81
1284-1180-0000,-5,spectral_sub,0.25,0.0859375,233.4,0.0287,21.81
1284-1180-0000,-5,adaptive,0.25,0.1015625,209.1,0.0258,21.81
1284-1180-0000,0,raw,0.16666666666666666,0.046875,239.1,0.0294,21.7
1284-1180-0000,0,wiener,0.6666666666666666,0.3046875,537.1,0.0661,21.7
1284-1180-0000,0,spectral_sub,0.25,0.078125,220.5,0.0272,21.7
1284-1180-0000,0,adaptive,0.16666666666666666,0.046875,235.5,0.029,21.7
1284-1180-0000,5,raw,0.16666666666666666,0.046875,235.2,0.029,23.23
1284-1180-0000,5,wiener,0.75,0.34375,216.8,0.0267,23.23
1284-1180-0000,5,spectral_sub,0.25,0.0625,216.5,0.0267,23.23
1284-1180-0000,5,adaptive,0.16666666666666666,0.046875,231.2,0.0285,23.23
1284-1180-0000,10,raw,0.20833333333333334,0.0546875,223.7,0.0275,25.57
1284-1180-0000,10,wiener,0.20833333333333334,0.0859375,213.5,0.0263,25.57
1284-1180-0000,10,spectral_sub,0.20833333333333334,0.0546875,240.6,0.0296,25.57
1284-1180-0000,10,adaptive,0.20833333333333334,0.0546875,220.7,0.0272,25.57
1284-1180-0000,20,raw,0.125,0.0234375,248.8,0.0306,30.29
1284-1180-0000,20,wiener,0.3333333333333333,0.1171875,219.5,0.027,30.29
1284-1180-0000,20,spectral_sub,0.125,0.0234375,219.7,0.0271,30.29
1284-1180-0000,20,adaptive,0.125,0.0234375,234.2,0.0288,30.29
1320-122612-0001,-5,raw,0.16666666666666666,0.06666666666666667,223.6,0.0235,22.48
1320-122612-0001,-5,wiener,1.2666666666666666,0.7757575757575758,3424.4,0.3597,22.48
1320-122612-0001,-5,spectral_sub,0.3,0.16363636363636364,243.0,0.0255,22.48
1320-122612-0001,-5,adaptive,1.1333333333333333,0.8303030303030303,3176.1,0.3336,22.48
1320-122612-0001,0,raw,0.16666666666666666,0.06666666666666667,225.2,0.0237,22.25
1320-122612-0001,0,wiener,0.36666666666666664,0.26666666666666666,239.6,0.0252,22.25
1320-122612-0001,0,spectral_sub,0.2,0.07878787878787878,221.4,0.0233,22.25
1320-122612-0001,0,adaptive,0.36666666666666664,0.26666666666666666,224.1,0.0235,22.25
1320-122612-0001,5,raw,0.13333333333333333,0.030303030303030304,235.4,0.0247,23.43
1320-122612-0001,5,wiener,0.4,0.24242424242424243,228.8,0.024,23.43
1320-122612-0001,5,spectral_sub,0.16666666666666666,0.07272727272727272,231.3,0.0243,23.43
1320-122612-0001,5,adaptive,0.4,0.24242424242424243,225.6,0.0237,23.43
1320-122612-0001,10,raw,0.03333333333333333,0.006060606060606061,220.9,0.0232,25.31
1320-122612-0001,10,wiener,0.2,0.08484848484848485,222.8,0.0234,25.31
1320-122612-0001,10,spectral_sub,0.13333333333333333,0.030303030303030304,244.6,0.0257,25.31
1320-122612-0001,10,adaptive,0.2,0.08484848484848485,237.9,0.025,25.31
1320-122612-0001,20,raw,0.1,0.01818181818181818,237.6,0.025,29.18
1320-122612-0001,20,wiener,0.13333333333333333,0.030303030303030304,234.8,0.0247,29.18
1320-122612-0001,20,spectral_sub,0.1,0.01818181818181818,231.1,0.0243,29.18
1320-122612-0001,20,adaptive,0.13333333333333333,0.030303030303030304,282.9,0.0297,29.18
1580-141083-0000,-5,raw,0.06666666666666667,0.013071895424836602,227.3,0.0254,22.9
1580-141083-0000,-5,wiener,0.5333333333333333,0.3006535947712418,225.2,0.0252,22.9
1580-141083-0000,-5,spectral_sub,0.1,0.0392156862745098,232.2,0.026,22.9
1580-141083-0000,-5,adaptive,0.5333333333333333,0.3006535947712418,224.7,0.0251,22.9
1580-141083-0000,0,raw,0.06666666666666667,0.013071895424836602,250.7,0.028,22.98
1580-141083-0000,0,wiener,0.3333333333333333,0.20915032679738563,223.7,0.025,22.98
1580-141083-0000,0,spectral_sub,0.06666666666666667,0.013071895424836602,230.8,0.0258,22.98
1580-141083-0000,0,adaptive,0.3333333333333333,0.20915032679738563,245.0,0.0274,22.98
1580-141083-0000,5,raw,0.06666666666666667,0.013071895424836602,217.1,0.0243,24.3
1580-141083-0000,5,wiener,0.13333333333333333,0.058823529411764705,215.8,0.0241,24.3
1580-141083-0000,5,spectral_sub,0.06666666666666667,0.013071895424836602,224.9,0.0252,24.3
1580-141083-0000,5,adaptive,0.13333333333333333,0.058823529411764705,217.1,0.0243,24.3
1580-141083-0000,10,raw,0.06666666666666667,0.013071895424836602,209.6,0.0234,26.61
1580-141083-0000,10,wiener,0.06666666666666667,0.013071895424836602,227.6,0.0255,26.61
1580-141083-0000,10,spectral_sub,0.06666666666666667,0.013071895424836602,211.4,0.0236,26.61
1580-141083-0000,10,adaptive,0.06666666666666667,0.013071895424836602,246.1,0.0275,26.61
1580-141083-0000,20,raw,0.06666666666666667,0.013071895424836602,213.8,0.0239,31.14
1580-141083-0000,20,wiener,0.06666666666666667,0.013071895424836602,225.3,0.0252,31.14
1580-141083-0000,20,spectral_sub,0.06666666666666667,0.013071895424836602,224.0,0.0251,31.14
1580-141083-0000,20,adaptive,0.06666666666666667,0.013071895424836602,212.9,0.0238,31.14
1995-1826-0000,-5,raw,0.48148148148148145,0.2236024844720497,243.4,0.0257,22.87
1995-1826-0000,-5,wiener,1.0,1.0,1433.6,0.1511,22.87
1995-1826-0000,-5,spectral_sub,0.5185185185185185,0.2732919254658385,213.0,0.0225,22.87
1995-1826-0000,-5,adaptive,0.48148148148148145,0.2236024844720497,241.8,0.0255,22.87
1995-1826-0000,0,raw,0.3333333333333333,0.13043478260869565,226.0,0.0238,22.23
1995-1826-0000,0,wiener,1.037037037037037,0.6708074534161491,269.6,0.0284,22.23
1995-1826-0000,0,spectral_sub,0.14814814814814814,0.062111801242236024,250.0,0.0264,22.23
1995-1826-0000,0,adaptive,0.3333333333333333,0.13043478260869565,267.5,0.0282,22.23
1995-1826-0000,5,raw,0.18518518518518517,0.06832298136645963,233.5,0.0246,22.69
1995-1826-0000,5,wiener,0.8518518518518519,0.45962732919254656,250.4,0.0264,22.69
1995-1826-0000,5,spectral_sub,0.14814814814814814,0.062111801242236024,230.2,0.0243,22.69
1995-1826-0000,5,adaptive,0.18518518518518517,0.06832298136645963,296.6,0.0313,22.69
1995-1826-0000,10,raw,0.18518518518518517,0.06832298136645963,296.6,0.0313,24.14
1995-1826-0000,10,wiener,0.37037037037037035,0.16770186335403728,342.8,0.0361,24.14
1995-1826-0000,10,spectral_sub,0.14814814814814814,0.062111801242236024,321.8,0.0339,24.14
1995-1826-0000,10,adaptive,0.18518518518518517,0.06832298136645963,296.8,0.0313,24.14
1995-1826-0000,20,raw,0.14814814814814814,0.062111801242236024,331.7,0.035,28.02
1995-1826-0000,20,wiener,0.37037037037037035,0.14285714285714285,256.2,0.027,28.02
1995-1826-0000,20,spectral_sub,0.14814814814814814,0.062111801242236024,252.1,0.0266,28.02
1995-1826-0000,20,adaptive,0.14814814814814814,0.062111801242236024,244.5,0.0258,28.02
2094-142345-0001,-5,raw,0.14285714285714285,0.058823529411764705,223.9,0.0279,22.75
2094-142345-0001,-5,wiener,0.7142857142857143,0.5098039215686274,232.5,0.029,22.75
2094-142345-0001,-5,spectral_sub,0.14285714285714285,0.049019607843137254,301.7,0.0376,22.75
2094-142345-0001,-5,adaptive,0.14285714285714285,0.058823529411764705,273.5,0.0341,22.75
2094-142345-0001,0,raw,0.14285714285714285,0.0392156862745098,280.8,0.035,22.8
2094-142345-0001,0,wiener,0.38095238095238093,0.2549019607843137,296.0,0.0369,22.8
2094-142345-0001,0,spectral_sub,0.2857142857142857,0.06862745098039216,267.9,0.0334,22.8
2094-142345-0001,0,adaptive,0.14285714285714285,0.0392156862745098,258.3,0.0322,22.8
2094-142345-0001,5,raw,0.2857142857142857,0.06862745098039216,261.5,0.0326,24.17
2094-142345-0001,5,wiener,0.19047619047619047,0.08823529411764706,242.2,0.0302,24.17
2094-142345-0001,5,spectral_sub,0.2857142857142857,0.06862745098039216,250.6,0.0312,24.17
2094-142345-0001,5,adaptive,0.2857142857142857,0.06862745098039216,257.5,0.0321,24.17
2094-142345-0001,10,raw,0.2857142857142857,0.06862745098039216,265.4,0.0331,26.55
2094-142345-0001,10,wiener,0.14285714285714285,0.058823529411764705,233.7,0.0291,26.55
2094-142345-0001,10,spectral_sub,0.2857142857142857,0.06862745098039216,302.3,0.0376,26.55
2094-142345-0001,10,adaptive,0.2857142857142857,0.06862745098039216,317.9,0.0396,26.55
2094-142345-0001,20,raw,0.2857142857142857,0.06862745098039216,269.3,0.0335,31.31
2094-142345-0001,20,wiener,0.23809523809523808,0.06862745098039216,301.9,0.0376,31.31
2094-142345-0001,20,spectral_sub,0.2857142857142857,0.06862745098039216,354.8,0.0442,31.31
2094-142345-0001,20,adaptive,0.2857142857142857,0.06862745098039216,284.5,0.0354,31.31
2300-131720-0000,-5,raw,0.3076923076923077,0.1267605633802817,221.8,0.0437,21.54
2300-131720-0000,-5,wiener,0.7692307692307693,0.5492957746478874,438.3,0.0863,21.54
2300-131720-0000,-5,spectral_sub,0.23076923076923078,0.09859154929577464,283.2,0.0558,21.54
2300-131720-0000,-5,adaptive,0.3076923076923077,0.1267605633802817,259.6,0.0511,21.54
2300-131720-0000,0,raw,0.3076923076923077,0.09859154929577464,253.9,0.05,21.77
2300-131720-0000,0,wiener,0.38461538461538464,0.18309859154929578,579.8,0.1141,21.77
2300-131720-0000,0,spectral_sub,0.23076923076923078,0.04225352112676056,268.8,0.0529,21.77
2300-131720-0000,0,adaptive,0.3076923076923077,0.09859154929577464,326.4,0.0643,21.77
2300-131720-0000,5,raw,0.23076923076923078,0.04225352112676056,304.1,0.0599,23.29
2300-131720-0000,5,wiener,0.6153846153846154,0.323943661971831,730.0,0.1437,23.29
2300-131720-0000,5,spectral_sub,0.23076923076923078,0.04225352112676056,264.3,0.052,23.29
2300-131720-0000,5,adaptive,0.23076923076923078,0.04225352112676056,256.6,0.0505,23.29
2300-131720-0000,10,raw,0.23076923076923078,0.04225352112676056,244.8,0.0482,25.46
2300-131720-0000,10,wiener,0.5384615384615384,0.23943661971830985,266.2,0.0524,25.46
2300-131720-0000,10,spectral_sub,0.23076923076923078,0.04225352112676056,239.9,0.0472,25.46
2300-131720-0000,10,adaptive,0.23076923076923078,0.04225352112676056,254.4,0.0501,25.46
2300-131720-0000,20,raw,0.23076923076923078,0.04225352112676056,237.4,0.0467,29.8
2300-131720-0000,20,wiener,0.23076923076923078,0.04225352112676056,214.7,0.0423,29.8
2300-131720-0000,20,spectral_sub,0.23076923076923078,0.04225352112676056,220.2,0.0433,29.8
2300-131720-0000,20,adaptive,0.23076923076923078,0.04225352112676056,228.4,0.045,29.8
