sample_id,noise_type,snr_db,system,used_enhancement,reference,hypothesis,wer,cer,duration_sec,avg_logprob
1089-134686-0000,white,20,raw,False,he hoped there would be stew for dinner turnips and carrots and bruised potatoes and fat mutton pieces to be ladled out in thick peppered flour fattened sauce,"He hoped there would be stew for dinner, turnips and carrots and bruised potatoes and fat mutton pieces to be ladled out in thick, peppered, flower-fat and sauce.",0.21428571428571427,0.06329113924050633,10.435,-0.2639676997827929
1089-134686-0000,white,20,enhanced,True,he hoped there would be stew for dinner turnips and carrots and bruised potatoes and fat mutton pieces to be ladled out in thick peppered flour fattened sauce,"He hoped there would be stew for dinner, turnips and carrots and bruised potatoes, and fat-button pieces to be ladled out in thick, peppered, flower-fat and sauce.",0.32142857142857145,0.08227848101265822,10.435,-0.46727342158555984
1089-134686-0000,white,20,adaptive,True,he hoped there would be stew for dinner turnips and carrots and bruised potatoes and fat mutton pieces to be ladled out in thick peppered flour fattened sauce,"He hoped there would be stew for dinner, turnips and carrots and bruised potatoes, and fat-button pieces to be ladled out in thick, peppered, flower-fat and sauce.",0.32142857142857145,0.08227848101265822,10.435,-0.46727342158555984
1089-134686-0000,white,10,raw,False,he hoped there would be stew for dinner turnips and carrots and bruised potatoes and fat mutton pieces to be ladled out in thick peppered flour fattened sauce,"He hoped there would be stew for dinner, turnips and carrots and bruised potatoes and fat mutton pieces to be ladled out and thick, peppered, flower-fat and sauce.",0.25,0.0759493670886076,10.435,-0.29146327390227206
1089-134686-0000,white,10,enhanced,True,he hoped there would be stew for dinner turnips and carrots and bruised potatoes and fat mutton pieces to be ladled out in thick peppered flour fattened sauce,"He hoped there would be stewardener, turnips and carrots and roots, potatoes and fat button pieces to be ladled out, thick, peppered, flower fat and soft.",0.42857142857142855,0.17721518987341772,10.435,-0.5860235066640944
1089-134686-0000,white,10,adaptive,True,he hoped there would be stew for dinner turnips and carrots and bruised potatoes and fat mutton pieces to be ladled out in thick peppered flour fattened sauce,"He hoped there would be stewardener, turnips and carrots and roots, potatoes and fat button pieces to be ladled out, thick, peppered, flower fat and soft.",0.42857142857142855,0.17721518987341772,10.435,-0.5860235066640944
1089-134686-0000,white,0,raw,False,he hoped there would be stew for dinner turnips and carrots and bruised potatoes and fat mutton pieces to be ladled out in thick peppered flour fattened sauce,"He hopes they would be too good in her, turn it some carrots and grease potatoes and fat and mutton-peepy be ladled out, thick, peppered, flower-fast and soft.",0.7142857142857143,0.3227848101265823,10.435,-0.8403188091643313
1089-134686-0000,white,0,enhanced,True,he hoped there would be stew for dinner turnips and carrots and bruised potatoes and fat mutton pieces to be ladled out in thick peppered flour fattened sauce,"We hope there would be two within her, turn it from parrot and leave the pig on the back, but we could be ladled out, thick, peppered, bowled, tuck, bawl.",0.8928571428571429,0.4873417721518987,10.435,-0.8997213518619538
1089-134686-0000,white,0,adaptive,True,he hoped there would be stew for dinner turnips and carrots and bruised potatoes and fat mutton pieces to be ladled out in thick peppered flour fattened sauce,"We hope there would be two within her, turn it from parrot and leave the pig on the back, but we could be ladled out, thick, peppered, bowled, tuck, bawl.",0.8928571428571429,0.4873417721518987,10.435,-0.8997213518619538
1089-134686-0000,pink,20,raw,False,he hoped there would be stew for dinner turnips and carrots and bruised potatoes and fat mutton pieces to be ladled out in thick peppered flour fattened sauce,"He hoped there would be stew for dinner, turnips and carrots and bruised potatoes and fat mutton pieces to be ladled out in thick, peppered flower-fattened sauce.",0.17857142857142858,0.0379746835443038,10.435,-0.2992174528365911
1089-134686-0000,pink,20,enhanced,True,he hoped there would be stew for dinner turnips and carrots and bruised potatoes and fat mutton pieces to be ladled out in thick peppered flour fattened sauce,"He hoped there would be stew for dinner, turnips and carrots and bruised potatoes, and fat mutton pieces to be ladled out in thick, peppered, flower-fat and sauce.",0.25,0.06962025316455696,10.435,-0.3256691328503869
1089-134686-0000,pink,20,adaptive,False,he hoped there would be stew for dinner turnips and carrots and bruised potatoes and fat mutton pieces to be ladled out in thick peppered flour fattened sauce,"He hoped there would be stew for dinner, turnips and carrots and bruised potatoes and fat mutton pieces to be ladled out in thick, peppered flower-fattened sauce.",0.17857142857142858,0.0379746835443038,10.435,-0.2992174528365911
1089-134686-0000,pink,10,raw,False,he hoped there would be stew for dinner turnips and carrots and bruised potatoes and fat mutton pieces to be ladled out in thick peppered flour fattened sauce,"He hoped there would be stew for dinner, turnips and carrots and bruised potatoes and fat mutton pieces to be ladled out in thick, peppered flower-fat and sauce.",0.17857142857142858,0.056962025316455694,10.435,-0.3173469893989109
1089-134686-0000,pink,10,enhanced,True,he hoped there would be stew for dinner turnips and carrots and bruised potatoes and fat mutton pieces to be ladled out in thick peppered flour fattened sauce,"He hoped there would be stew for dinner, turnips and carrots and bruised potatoes and fat button pieces to be ladled out in thick, peppered, flower-fat and sauce.",0.25,0.06962025316455696,10.435,-0.33710817708855584
1089-134686-0000,pink,10,adaptive,False,he hoped there would be stew for dinner turnips and carrots and bruised potatoes and fat mutton pieces to be ladled out in thick peppered flour fattened sauce,"He hoped there would be stew for dinner, turnips and carrots and bruised potatoes and fat mutton pieces to be ladled out in thick, peppered flower-fat and sauce.",0.17857142857142858,0.056962025316455694,10.435,-0.3173469893989109
1089-134686-0000,pink,0,raw,False,he hoped there would be stew for dinner turnips and carrots and bruised potatoes and fat mutton pieces to be ladled out in thick peppered flour fattened sauce,"He hoped there would be stew for dinner, turnips and carrots and bruised potatoes and fat mutton pieces to be ladled out and thick peppered flower-fatened sauce.",0.17857142857142858,0.05063291139240506,10.435,-0.3181437457480082
1089-134686-0000,pink,0,enhanced,True,he hoped there would be stew for dinner turnips and carrots and bruised potatoes and fat mutton pieces to be ladled out in thick peppered flour fattened sauce,"He hoped there would be stew for dinner, turnips and carrots and bruised potatoes and fat button pieces to be ladled out, thick, peppered, flower-fat and sauce.",0.32142857142857145,0.08860759493670886,10.435,-0.3317198507487774
1089-134686-0000,pink,0,adaptive,False,he hoped there would be stew for dinner turnips and carrots and bruised potatoes and fat mutton pieces to be ladled out in thick peppered flour fattened sauce,"He hoped there would be stew for dinner, turnips and carrots and bruised potatoes and fat mutton pieces to be ladled out and thick peppered flower-fatened sauce.",0.17857142857142858,0.05063291139240506,10.435,-0.3181437457480082
1089-134686-0000,soundtrack,20,raw,False,he hoped there would be stew for dinner turnips and carrots and bruised potatoes and fat mutton pieces to be ladled out in thick peppered flour fattened sauce,"He hoped there would be stew for dinner, turnips and carrots and bruised potatoes and fat mutton pieces to be ladled out in thick, peppered, flower-fattened sauce.",0.21428571428571427,0.04430379746835443,10.435,-0.26442206041379407
1089-134686-0000,soundtrack,20,enhanced,True,he hoped there would be stew for dinner turnips and carrots and bruised potatoes and fat mutton pieces to be ladled out in thick peppered flour fattened sauce,"He hoped there would be stew for dinner, turnips and carrots and bruised potatoes and fat button pieces to be ladled out in thick, peppered flower-fattened sauce.",0.21428571428571427,0.04430379746835443,10.435,-0.37990008223624455
1089-134686-0000,soundtrack,20,adaptive,True,he hoped there would be stew for dinner turnips and carrots and bruised potatoes and fat mutton pieces to be ladled out in thick peppered flour fattened sauce,"He hoped there would be stew for dinner, turnips and carrots and bruised potatoes and fat button pieces to be ladled out in thick, peppered flower-fattened sauce.",0.21428571428571427,0.04430379746835443,10.435,-0.37990008223624455
1089-134686-0000,soundtrack,10,raw,False,he hoped there would be stew for dinner turnips and carrots and bruised potatoes and fat mutton pieces to be ladled out in thick peppered flour fattened sauce,"He hoped there would be stew for dinner, turnips and carrots and bruised potatoes and fat mutton pieces to be ladled out in thick, peppered, flower-fattened sauce.",0.21428571428571427,0.04430379746835443,10.435,-0.24748468060385098
1089-134686-0000,soundtrack,10,enhanced,True,he hoped there would be stew for dinner turnips and carrots and bruised potatoes and fat mutton pieces to be ladled out in thick peppered flour fattened sauce,"He hoped there would be stew for dinner, turnips and carrots and bruised potatoes and fat button pieces to be ladled out, thick, peppered flower-fastened sauce.",0.2857142857142857,0.06962025316455696,10.435,-0.398504118124644
1089-134686-0000,soundtrack,10,adaptive,True,he hoped there would be stew for dinner turnips and carrots and bruised potatoes and fat mutton pieces to be ladled out in thick peppered flour fattened sauce,"He hoped there would be stew for dinner, turnips and carrots and bruised potatoes and fat button pieces to be ladled out, thick, peppered flower-fastened sauce.",0.2857142857142857,0.06962025316455696,10.435,-0.398504118124644
1089-134686-0000,soundtrack,0,raw,False,he hoped there would be stew for dinner turnips and carrots and bruised potatoes and fat mutton pieces to be ladled out in thick peppered flour fattened sauce,"He hoped there would be stew for dinner, turnips and carrots and bruised potatoes and fat button pieces to be ladled out in the thick, peppered, flower-fat and sauce.",0.2857142857142857,0.0949367088607595,10.435,-0.3068773048680003
1089-134686-0000,soundtrack,0,enhanced,True,he hoped there would be stew for dinner turnips and carrots and bruised potatoes and fat mutton pieces to be ladled out in thick peppered flour fattened sauce,"He hoped there would be a student prisoner, turn it some carrots and brew potatoes and fat button pieces to be ladled now, thick pepper and flour fat and sauce.",0.5357142857142857,0.24050632911392406,10.435,-0.6295291282035209
1089-134686-0000,soundtrack,0,adaptive,True,he hoped there would be stew for dinner turnips and carrots and bruised potatoes and fat mutton pieces to be ladled out in thick peppered flour fattened sauce,"He hoped there would be a student prisoner, turn it some carrots and brew potatoes and fat button pieces to be ladled now, thick pepper and flour fat and sauce.",0.5357142857142857,0.24050632911392406,10.435,-0.6295291282035209
1188-133604-0001,white,20,raw,False,they unite every quality and sometimes you will find me referring to them as colorists sometimes as chiaroscurists,"They unite every quality, and sometimes you will find me referring to them as colorists, sometimes as Keira's scurists.",0.2222222222222222,0.07894736842105263,9.04,-0.5615875441581011
1188-133604-0001,white,20,enhanced,True,they unite every quality and sometimes you will find me referring to them as colorists sometimes as chiaroscurists,that you night every quality and sometimes you will find you referring to them as colorists. Sometimes the key are as curious.,0.5,0.22807017543859648,9.04,-0.6072027802467346
1188-133604-0001,white,20,adaptive,True,they unite every quality and sometimes you will find me referring to them as colorists sometimes as chiaroscurists,that you night every quality and sometimes you will find you referring to them as colorists. Sometimes the key are as curious.,0.5,0.22807017543859648,9.04,-0.6072027802467346
1188-133604-0001,white,10,raw,False,they unite every quality and sometimes you will find me referring to them as colorists sometimes as chiaroscurists,"that unite every quality and sometimes you will find me referring to him as colorists, sometimes as cure-as-scurists.",0.2222222222222222,0.10526315789473684,9.04,-0.6880860608071089
1188-133604-0001,white,10,enhanced,True,they unite every quality and sometimes you will find me referring to them as colorists sometimes as chiaroscurists,that you night every fall in. And sometimes we will find you referring to in this color. Sometimes it's your skill.,0.7222222222222222,0.38596491228070173,9.04,-0.7797688655555248
1188-133604-0001,white,10,adaptive,True,they unite every quality and sometimes you will find me referring to them as colorists sometimes as chiaroscurists,that you night every fall in. And sometimes we will find you referring to in this color. Sometimes it's your skill.,0.7222222222222222,0.38596491228070173,9.04,-0.7797688655555248
1188-133604-0001,white,0,raw,False,they unite every quality and sometimes you will find me referring to them as colorists sometimes as chiaroscurists,The unite every fallen. And sometimes we will find you the strength in this color. Sometimes as pure as pure as pure.,0.7777777777777778,0.42105263157894735,9.04,-0.8744827788323164
1188-133604-0001,white,0,enhanced,True,they unite every quality and sometimes you will find me referring to them as colorists sometimes as chiaroscurists,And unite every poem. And sometimes we will find a re-print in the poet. Sometimes it's very scary.,0.6666666666666666,0.41228070175438597,9.04,-0.9547767139250233
1188-133604-0001,white,0,adaptive,True,they unite every quality and sometimes you will find me referring to them as colorists sometimes as chiaroscurists,"If you know it every time, and sometimes you will find a rope right in the pole, sometimes it's very scary.",0.7777777777777778,0.45614035087719296,9.04,-0.9652775009473165
1188-133604-0001,pink,20,raw,False,they unite every quality and sometimes you will find me referring to them as colorists sometimes as chiaroscurists,"The unite every quality, and sometimes you will find me referring to them as colorists, sometimes as Keira's scurists.",0.2777777777777778,0.08771929824561403,9.04,-0.5534444786608219
1188-133604-0001,pink,20,enhanced,True,they unite every quality and sometimes you will find me referring to them as colorists sometimes as chiaroscurists,"that unite every quality and sometimes you will find you referring to them as colorists, sometimes as key or as curious.",0.3888888888888889,0.14912280701754385,9.04,-0.549735085717563
1188-133604-0001,pink,20,adaptive,False,they unite every quality and sometimes you will find me referring to them as colorists sometimes as chiaroscurists,"The unite every quality, and sometimes you will find me referring to them as colorists, sometimes as Keira's scurists.",0.2777777777777778,0.08771929824561403,9.04,-0.5534444786608219
1188-133604-0001,pink,10,raw,False,they unite every quality and sometimes you will find me referring to them as colorists sometimes as chiaroscurists,"The unite every quality and sometimes you will find me referring to them as colorists, sometimes as key or scurists.",0.2777777777777778,0.07894736842105263,9.04,-0.5551632841428121
1188-133604-0001,pink,10,enhanced,True,they unite every quality and sometimes you will find me referring to them as colorists sometimes as chiaroscurists,"that unite every quality and sometimes you will find you referring to them as colorists, sometimes as key or as curious.",0.3888888888888889,0.14912280701754385,9.04,-0.4529993246341574
1188-133604-0001,pink,10,adaptive,False,they unite every quality and sometimes you will find me referring to them as colorists sometimes as chiaroscurists,"The unite every quality and sometimes you will find me referring to them as colorists, sometimes as key or scurists.",0.2777777777777778,0.07894736842105263,9.04,-0.5551632841428121
1188-133604-0001,pink,0,raw,False,they unite every quality and sometimes you will find me referring to them as colorists sometimes as chiaroscurists,"The unite every quality and sometimes you will find me referring to them as colorists, sometimes as Keira's cureists.",0.2222222222222222,0.08771929824561403,9.04,-0.629138692220052
1188-133604-0001,pink,0,enhanced,True,they unite every quality and sometimes you will find me referring to them as colorists sometimes as chiaroscurists,"that unite every quality and sometimes you will find you referring to them as colorists, sometimes as key or as curious.",0.3888888888888889,0.14912280701754385,9.04,-0.4602335609238723
1188-133604-0001,pink,0,adaptive,False,they unite every quality and sometimes you will find me referring to them as colorists sometimes as chiaroscurists,"The unite every quality and sometimes you will find me referring to them as colorists, sometimes as Keira's cureists.",0.2222222222222222,0.08771929824561403,9.04,-0.629138692220052
1188-133604-0001,soundtrack,20,raw,False,they unite every quality and sometimes you will find me referring to them as colorists sometimes as chiaroscurists,"The unite every quality, and sometimes you will find me referring to them as colorists, sometimes as Keira's curiouss.",0.2777777777777778,0.11403508771929824,9.04,-0.581116387920995
1188-133604-0001,soundtrack,20,enhanced,True,they unite every quality and sometimes you will find me referring to them as colorists sometimes as chiaroscurists,"that unite every quality and sometimes you will find you referring to them as colorists, sometimes as key or as curious.",0.3888888888888889,0.14912280701754385,9.04,-0.5455151673020988
1188-133604-0001,soundtrack,20,adaptive,True,they unite every quality and sometimes you will find me referring to them as colorists sometimes as chiaroscurists,"that unite every quality and sometimes you will find you referring to them as colorists, sometimes as key or as curious.",0.3888888888888889,0.14912280701754385,9.04,-0.5455151673020988
1188-133604-0001,soundtrack,10,raw,False,they unite every quality and sometimes you will find me referring to them as colorists sometimes as chiaroscurists,"the unite every quality, and sometimes you will find me referring to them as colorists, sometimes as curious curious.",0.2777777777777778,0.10526315789473684,9.04,-0.5438249664647239
1188-133604-0001,soundtrack,10,enhanced,True,they unite every quality and sometimes you will find me referring to them as colorists sometimes as chiaroscurists,"that unite every quality and sometimes you will find you referring to them as colorists, sometimes as key or as curious.",0.3888888888888889,0.14912280701754385,9.04,-0.5305900409303862
1188-133604-0001,soundtrack,10,adaptive,True,they unite every quality and sometimes you will find me referring to them as colorists sometimes as chiaroscurists,"that unite every quality and sometimes you will find you referring to them as colorists, sometimes as key or as curious.",0.3888888888888889,0.14912280701754385,9.04,-0.5305900409303862
1188-133604-0001,soundtrack,0,raw,False,they unite every quality and sometimes you will find me referring to them as colorists sometimes as chiaroscurists,"that unite every quality, and sometimes you will find a refrain to them as colorists, sometimes as curious curious.",0.3888888888888889,0.15789473684210525,9.04,-0.5933815560170582
1188-133604-0001,soundtrack,0,enhanced,True,they unite every quality and sometimes you will find me referring to them as colorists sometimes as chiaroscurists,"that you know it every fall and sometimes you will find a reference in the colorless. Sometimes it's yours, girl.",0.7777777777777778,0.39473684210526316,9.04,-0.7416457315286
1188-133604-0001,soundtrack,0,adaptive,True,they unite every quality and sometimes you will find me referring to them as colorists sometimes as chiaroscurists,"that you know it every fall and sometimes you will find a reference in the colorless. Sometimes it's yours, girl.",0.7777777777777778,0.39473684210526316,9.04,-0.7416457315286
121-121726-0000,white,20,raw,False,also a popular contrivance whereby love making may be suspended but not stopped during the picnic season,"Also, a popular contrivance, whereby lovemaking may be suspended, but not stopped during the picnic season.",0.35294117647058826,0.04807692307692308,8.46,-0.4473362977688129
121-121726-0000,white,20,enhanced,True,also a popular contrivance whereby love making may be suspended but not stopped during the picnic season,"Also, a popular contrivance whereby love-making may be suspended, but not stopped during the the technique season.",0.4117647058823529,0.1346153846153846,8.46,-0.671197478082918
121-121726-0000,white,20,adaptive,True,also a popular contrivance whereby love making may be suspended but not stopped during the picnic season,"Also, a popular contrivance whereby love-making may be suspended, but not stopped during the the technique season.",0.4117647058823529,0.1346153846153846,8.46,-0.671197478082918
121-121726-0000,white,10,raw,False,also a popular contrivance whereby love making may be suspended but not stopped during the picnic season,"Also, a popular contrivance whereby lovemaking may be suspended, but not stopped during the picnic season.",0.29411764705882354,0.038461538461538464,8.46,-0.41916844367980954
121-121726-0000,white,10,enhanced,True,also a popular contrivance whereby love making may be suspended but not stopped during the picnic season,"Also a popular contrivance whereby love making napey suspended button, no stop.",0.5294117647058824,0.33653846153846156,8.46,-0.8014675549098423
121-121726-0000,white,10,adaptive,True,also a popular contrivance whereby love making may be suspended but not stopped during the picnic season,"Also a popular contrivance whereby love making napey suspended button, no stop.",0.5294117647058824,0.33653846153846156,8.46,-0.8014675549098423
121-121726-0000,white,0,raw,False,also a popular contrivance whereby love making may be suspended but not stopped during the picnic season,"Also a popular thing private, whereby I love making babies a standard, but you know, stop during the citrus season.",0.6470588235294118,0.375,8.46,-1.01379277088024
121-121726-0000,white,0,enhanced,True,also a popular contrivance whereby love making may be suspended but not stopped during the picnic season,"Also, a popular compiler, whereby not making a thesis, and it didn't but, no, stop.",0.7647058823529411,0.5096153846153846,8.46,-1.196930964787801
121-121726-0000,white,0,adaptive,True,also a popular contrivance whereby love making may be suspended but not stopped during the picnic season,"Also a popular subscribing. And if I love making a thesis, I'm dead. But, no, stop.",0.8235294117647058,0.5865384615384616,8.46,-1.1980135202407838
121-121726-0000,pink,20,raw,False,also a popular contrivance whereby love making may be suspended but not stopped during the picnic season,"Also, a popular contrivance, whereby lovemaking may be suspended but not stopped during the picnic season.",0.29411764705882354,0.038461538461538464,8.46,-0.4074019304028264
121-121726-0000,pink,20,enhanced,True,also a popular contrivance whereby love making may be suspended but not stopped during the picnic season,"Also, a popular contrivance whereby love-making may be suspended, but not stopped during the techniques is in.",0.4117647058823529,0.1346153846153846,8.46,-0.6763337460302171
121-121726-0000,pink,20,adaptive,False,also a popular contrivance whereby love making may be suspended but not stopped during the picnic season,"Also, a popular contrivance, whereby lovemaking may be suspended but not stopped during the picnic season.",0.29411764705882354,0.038461538461538464,8.46,-0.4074019304028264
121-121726-0000,pink,10,raw,False,also a popular contrivance whereby love making may be suspended but not stopped during the picnic season,"Also, a popular contrivance, whereby lovemaking may be suspended but not stopped during the picnic season.",0.29411764705882354,0.038461538461538464,8.46,-0.3987050696655556
121-121726-0000,pink,10,enhanced,True,also a popular contrivance whereby love making may be suspended but not stopped during the picnic season,"Also, a popular contrivance whereby love-making may be suspended, but not stopped during the technique season.",0.35294117647058826,0.09615384615384616,8.46,-0.6963066676010689
121-121726-0000,pink,10,adaptive,False,also a popular contrivance whereby love making may be suspended but not stopped during the picnic season,"Also, a popular contrivance, whereby lovemaking may be suspended but not stopped during the picnic season.",0.29411764705882354,0.038461538461538464,8.46,-0.3987050696655556
121-121726-0000,pink,0,raw,False,also a popular contrivance whereby love making may be suspended but not stopped during the picnic season,"Also, a popular contrivance whereby lovemaking may be suspended but not stopped during the picnic season.",0.23529411764705882,0.028846153846153848,8.46,-0.4305298225237773
121-121726-0000,pink,0,enhanced,True,also a popular contrivance whereby love making may be suspended but not stopped during the picnic season,"Also, a popular contrivance whereby love-making may be suspended, but not stopped during the picnic season.",0.29411764705882354,0.038461538461538464,8.46,-0.47183176555803846
121-121726-0000,pink,0,adaptive,False,also a popular contrivance whereby love making may be suspended but not stopped during the picnic season,"Also, a popular contrivance whereby lovemaking may be suspended but not stopped during the picnic season.",0.23529411764705882,0.028846153846153848,8.46,-0.4305298225237773
121-121726-0000,soundtrack,20,raw,False,also a popular contrivance whereby love making may be suspended but not stopped during the picnic season,"Also, a popular cundrivents, whereby lovemaking may be suspended, but not stopped during the picnic season.",0.35294117647058826,0.09615384615384616,8.46,-0.5286609868208567
121-121726-0000,soundtrack,20,enhanced,True,also a popular contrivance whereby love making may be suspended but not stopped during the picnic season,"Also, a popular contrivance whereby love-making may be suspended, but not stopped during the technique season.",0.35294117647058826,0.09615384615384616,8.46,-0.7112152054905891
121-121726-0000,soundtrack,20,adaptive,True,also a popular contrivance whereby love making may be suspended but not stopped during the picnic season,"Also, a popular contrivance whereby love-making may be suspended, but not stopped during the techniques season.",0.35294117647058826,0.10576923076923077,8.46,-0.7155197039246559
121-121726-0000,soundtrack,10,raw,False,also a popular contrivance whereby love making may be suspended but not stopped during the picnic season,"Also, a popular cundrivens, where by love making may be suspended, but not stopped during the picnic season.",0.35294117647058826,0.08653846153846154,8.46,-0.538276203217045
121-121726-0000,soundtrack,10,enhanced,True,also a popular contrivance whereby love making may be suspended but not stopped during the picnic season,"Also a popular contrivance whereby love-making may be suspended, but not stopped during the picnic season.",0.23529411764705882,0.028846153846153848,8.46,-0.4689320723215739
121-121726-0000,soundtrack,10,adaptive,True,also a popular contrivance whereby love making may be suspended but not stopped during the picnic season,"Also a popular contrivance whereby love-making may be suspended, but not stopped during the picnic season.",0.23529411764705882,0.028846153846153848,8.46,-0.4689320723215739
121-121726-0000,soundtrack,0,raw,False,also a popular contrivance whereby love making may be suspended but not stopped during the picnic season,Also a popular contrivance Where by love making may be suspended But not stopped during the picnic season,0.11764705882352941,0.009615384615384616,8.46,-0.562493364016215
121-121726-0000,soundtrack,0,enhanced,True,also a popular contrivance whereby love making may be suspended but not stopped during the picnic season,"Also a popular contrivance. We're by love making babies a bit, but no, stop.",0.7058823529411765,0.4423076923076923,8.46,-0.8215834315006549
121-121726-0000,soundtrack,0,adaptive,True,also a popular contrivance whereby love making may be suspended but not stopped during the picnic season,"Also a popular contrivance. We're by love making babies a bit, but no, stop.",0.7058823529411765,0.4423076923076923,8.46,-0.8215834315006549
1221-135766-0002,white,20,raw,False,yet these thoughts affected hester prynne less with hope than apprehension,Yet these thoughts affected Hester Prin less with hope than apprehension.,0.18181818181818182,0.05405405405405406,4.825,-0.4457877664005055
1221-135766-0002,white,20,enhanced,True,yet these thoughts affected hester prynne less with hope than apprehension,Yet these thoughts affected Hester Prane less with hope and apprehension.,0.2727272727272727,0.08108108108108109,4.825,-0.6210602031034582
1221-135766-0002,white,20,adaptive,True,yet these thoughts affected hester prynne less with hope than apprehension,Yet these thoughts affected Hester Prane less with hope and apprehension.,0.2727272727272727,0.08108108108108109,4.825,-0.6210602031034582
1221-135766-0002,white,10,raw,False,yet these thoughts affected hester prynne less with hope than apprehension,Yet these thoughts affected Hester Prin less with hope than apprehension.,0.18181818181818182,0.05405405405405406,4.825,-0.44242090337416706
1221-135766-0002,white,10,enhanced,True,yet these thoughts affected hester prynne less with hope than apprehension,Yet these thoughts affected Hester Prane last with hope and apprehension.,0.36363636363636365,0.10810810810810811,4.825,-0.8167096867280847
1221-135766-0002,white,10,adaptive,True,yet these thoughts affected hester prynne less with hope than apprehension,Yet these thoughts affected Hester Prane last with hope and apprehension.,0.36363636363636365,0.10810810810810811,4.825,-0.8167096867280847
1221-135766-0002,white,0,raw,False,yet these thoughts affected hester prynne less with hope than apprehension,Yet these thoughts affected Hester print less with hope and apprehension.,0.2727272727272727,0.0945945945945946,4.825,-0.7265244796872139
1221-135766-0002,white,0,enhanced,True,yet these thoughts affected hester prynne less with hope than apprehension,that they've thought that the pucker friend loves to pull it.,1.0,0.6351351351351351,4.825,-1.250646478989545
1221-135766-0002,white,0,adaptive,True,yet these thoughts affected hester prynne less with hope than apprehension,that they thought that the pucker friend loves to pull it and act like that.,1.3636363636363635,0.6216216216216216,4.825,-1.2197831630706788
1221-135766-0002,pink,20,raw,False,yet these thoughts affected hester prynne less with hope than apprehension,Yet these thoughts affected Hester print less with hope than apprehension.,0.18181818181818182,0.05405405405405406,4.825,-0.49000198021531105
1221-135766-0002,pink,20,enhanced,True,yet these thoughts affected hester prynne less with hope than apprehension,Yet these thoughts affected Hester Prin less with hope than apprehension.,0.18181818181818182,0.05405405405405406,4.825,-0.6167134116677677
1221-135766-0002,pink,20,adaptive,True,yet these thoughts affected hester prynne less with hope than apprehension,Yet these thoughts affected Hester Prin less with hope than apprehension.,0.18181818181818182,0.05405405405405406,4.825,-0.6167134116677677
1221-135766-0002,pink,10,raw,False,yet these thoughts affected hester prynne less with hope than apprehension,Yet these thoughts affected Hester Prin less with hope than apprehension.,0.18181818181818182,0.05405405405405406,4.825,-0.47135364308076744
1221-135766-0002,pink,10,enhanced,True,yet these thoughts affected hester prynne less with hope than apprehension,Yet these thoughts affected Hester Prin less with hope than apprehension.,0.18181818181818182,0.05405405405405406,4.825,-0.6134773703182445
1221-135766-0002,pink,10,adaptive,True,yet these thoughts affected hester prynne less with hope than apprehension,Yet these thoughts affected Hester Prin less with hope than apprehension.,0.18181818181818182,0.05405405405405406,4.825,-0.6134773703182445
1221-135766-0002,pink,0,raw,False,yet these thoughts affected hester prynne less with hope than apprehension,Yet these thoughts affected Hester Prin less with hope than apprehension.,0.18181818181818182,0.05405405405405406,4.825,-0.46396628548117247
1221-135766-0002,pink,0,enhanced,True,yet these thoughts affected hester prynne less with hope than apprehension,Yet these thoughts affected Hester Prin less with hope than apprehension.,0.18181818181818182,0.05405405405405406,4.825,-0.6242320116828469
1221-135766-0002,pink,0,adaptive,False,yet these thoughts affected hester prynne less with hope than apprehension,Yet these thoughts affected Hester Prin less with hope than apprehension.,0.18181818181818182,0.05405405405405406,4.825,-0.46396628548117247
1221-135766-0002,soundtrack,20,raw,False,yet these thoughts affected hester prynne less with hope than apprehension,Yet these thoughts affected Hester Prin less with hope than apprehension.,0.18181818181818182,0.05405405405405406,4.825,-0.46422411413753734
1221-135766-0002,soundtrack,20,enhanced,True,yet these thoughts affected hester prynne less with hope than apprehension,Yet these thoughts affected Hester Prang less with hope than apprehension.,0.18181818181818182,0.05405405405405406,4.825,-0.6954019209917854
1221-135766-0002,soundtrack,20,adaptive,True,yet these thoughts affected hester prynne less with hope than apprehension,Yet these thoughts affected Hester Prang less with hope than apprehension.,0.18181818181818182,0.05405405405405406,4.825,-0.6954019209917854
1221-135766-0002,soundtrack,10,raw,False,yet these thoughts affected hester prynne less with hope than apprehension,Yet these thoughts affected Hester Prin less with hope than apprehension.,0.18181818181818182,0.05405405405405406,4.825,-0.4934718188117532
1221-135766-0002,soundtrack,10,enhanced,True,yet these thoughts affected hester prynne less with hope than apprehension,Yet they've thought that affected Hester Prank less with hope and apprehension.,0.5454545454545454,0.20270270270270271,4.825,-0.9089181925121107
1221-135766-0002,soundtrack,10,adaptive,True,yet these thoughts affected hester prynne less with hope than apprehension,Yet they've thought that affected Hester Prank less with hope and apprehension.,0.5454545454545454,0.20270270270270271,4.825,-0.9089181925121107
1221-135766-0002,soundtrack,0,raw,False,yet these thoughts affected hester prynne less with hope than apprehension,Yet these thoughts affected Hester Prin less with hope than apprehension.,0.18181818181818182,0.05405405405405406,4.825,-0.5508419485653148
1221-135766-0002,soundtrack,0,enhanced,True,yet these thoughts affected hester prynne less with hope than apprehension,that they thought that could have to print less with hope and action.,0.9090909090909091,0.4594594594594595,4.825,-0.8892104765948128
1221-135766-0002,soundtrack,0,adaptive,True,yet these thoughts affected hester prynne less with hope than apprehension,that they thought that could have to print less with hope and action.,0.9090909090909091,0.4594594594594595,4.825,-0.8892104765948128
1284-1180-0000,white,20,raw,False,he wore blue silk stockings blue knee pants with gold buckles a blue ruffled waist and a jacket of bright blue braided with gold,"He wore blue silk stockings, blue knee pants with gold buffles, a blue ruffled waist and a jacket of bright blue braided with gold.",0.125,0.0390625,8.12,-0.26983080683527766
1284-1180-0000,white,20,enhanced,True,he wore blue silk stockings blue knee pants with gold buckles a blue ruffled waist and a jacket of bright blue braided with gold,"You wore blue silk stockings, blue knee pants with gold buckles, a blue ruffled waist and a jacket and bright blue braided knee gold.",0.25,0.1015625,8.12,-0.354032539032601
1284-1180-0000,white,20,adaptive,True,he wore blue silk stockings blue knee pants with gold buckles a blue ruffled waist and a jacket of bright blue braided with gold,"You wore blue silk stockings, blue knee pants with gold buckles, a blue ruffled waist and a jacket and bright blue braided knee gold.",0.25,0.1015625,8.12,-0.354032539032601
1284-1180-0000,white,10,raw,False,he wore blue silk stockings blue knee pants with gold buckles a blue ruffled waist and a jacket of bright blue braided with gold,"Through our blue silk stockings, blue knee pants with gold buckles, a blue ruffled waist and a jacket of bright blue braided with gold.",0.20833333333333334,0.09375,8.12,-0.3264978511913403
1284-1180-0000,white,10,enhanced,True,he wore blue silk stockings blue knee pants with gold buckles a blue ruffled waist and a jacket of bright blue braided with gold,"We were blue silk stockings, blue meat hands, the gold buckles, a blue ruffled waste, and a active in bright blue, bright in the cold.",0.625,0.2734375,8.12,-1.0249915195712993
1284-1180-0000,white,10,adaptive,True,he wore blue silk stockings blue knee pants with gold buckles a blue ruffled waist and a jacket of bright blue braided with gold,"We were blue silk stockings, blue meat hands, the gold buckles, a blue ruffled waste, and a back in the light, blue, bright, and gold.",0.6666666666666666,0.296875,8.12,-1.0321606244163952
1284-1180-0000,white,0,raw,False,he wore blue silk stockings blue knee pants with gold buckles a blue ruffled waist and a jacket of bright blue braided with gold,"She wore blue shirt stockings, blue knee pants, the gold buckle, a blue roughly waist, and a jacket and quite blue braided with gold.",0.4583333333333333,0.1953125,8.12,-0.8629700313596165
1284-1180-0000,white,0,enhanced,True,he wore blue silk stockings blue knee pants with gold buckles a blue ruffled waist and a jacket of bright blue braided with gold,"You were a group of faculty, you knew you could go back to me. I knew you were a group of faculty, and I knew you were a group of faculty,",1.2083333333333333,0.8125,8.12,-0.7348603105003183
1284-1180-0000,white,0,adaptive,True,he wore blue silk stockings blue knee pants with gold buckles a blue ruffled waist and a jacket of bright blue braided with gold,"You were a group of faculty, you knew you could go back to me. I knew you were a group of faculty, and I knew you were a group of faculty,",1.2083333333333333,0.8125,8.12,-0.7348603105003183
1284-1180-0000,pink,20,raw,False,he wore blue silk stockings blue knee pants with gold buckles a blue ruffled waist and a jacket of bright blue braided with gold,"He wore blue silk stockings, blue knee pants with gold buckles, a blue ruffled waist, and a jacket of bright blue braided with gold.",0.16666666666666666,0.03125,8.12,-0.18087532164322007
1284-1180-0000,pink,20,enhanced,True,he wore blue silk stockings blue knee pants with gold buckles a blue ruffled waist and a jacket of bright blue braided with gold,"He wore blue silk stockings, blue knee pants with gold buckles, a blue ruffled waist, and a jacket and bright blue braiding with gold.",0.25,0.078125,8.12,-0.3651816060668544
1284-1180-0000,pink,20,adaptive,False,he wore blue silk stockings blue knee pants with gold buckles a blue ruffled waist and a jacket of bright blue braided with gold,"He wore blue silk stockings, blue knee pants with gold buckles, a blue ruffled waist, and a jacket of bright blue braided with gold.",0.16666666666666666,0.03125,8.12,-0.18087532164322007
1284-1180-0000,pink,10,raw,False,he wore blue silk stockings blue knee pants with gold buckles a blue ruffled waist and a jacket of bright blue braided with gold,"He wore blue silk stockings, blue knee pants with gold buckles, a blue ruffled waist and a jacket of bright blue braided with gold.",0.125,0.0234375,8.12,-0.19609047271109917
1284-1180-0000,pink,10,enhanced,True,he wore blue silk stockings blue knee pants with gold buckles a blue ruffled waist and a jacket of bright blue braided with gold,"He wore blue silk stockings, blue knee pants with gold buckles, a blue ruffled waist, and a jacket and bright blue braiding with gold.",0.25,0.078125,8.12,-0.37398925188340637
1284-1180-0000,pink,10,adaptive,False,he wore blue silk stockings blue knee pants with gold buckles a blue ruffled waist and a jacket of bright blue braided with gold,"He wore blue silk stockings, blue knee pants with gold buckles, a blue ruffled waist and a jacket of bright blue braided with gold.",0.125,0.0234375,8.12,-0.19609047271109917
1284-1180-0000,pink,0,raw,False,he wore blue silk stockings blue knee pants with gold buckles a blue ruffled waist and a jacket of bright blue braided with gold,"He wore blue silk stockings, blue knee pants with gold buckles, a blue ruffled waist and a jacket of bright blue braided with gold.",0.125,0.0234375,8.12,-0.19736607332487363
1284-1180-0000,pink,0,enhanced,True,he wore blue silk stockings blue knee pants with gold buckles a blue ruffled waist and a jacket of bright blue braided with gold,"You wore blue silk stockings, blue knee pants with gold buckles, a blue ruckled waist and a jacket and bright blue braiding with gold.",0.2916666666666667,0.109375,8.12,-0.30923706776386983
1284-1180-0000,pink,0,adaptive,False,he wore blue silk stockings blue knee pants with gold buckles a blue ruffled waist and a jacket of bright blue braided with gold,"He wore blue silk stockings, blue knee pants with gold buckles, a blue ruffled waist and a jacket of bright blue braided with gold.",0.125,0.0234375,8.12,-0.19736607332487363
1284-1180-0000,soundtrack,20,raw,False,he wore blue silk stockings blue knee pants with gold buckles a blue ruffled waist and a jacket of bright blue braided with gold,"He wore blue silk stockings, blue knee pants with gold buckles, a blue ruffled waist and a jacket of bright blue braided with gold.",0.125,0.0234375,8.12,-0.2023317991076289
1284-1180-0000,soundtrack,20,enhanced,True,he wore blue silk stockings blue knee pants with gold buckles a blue ruffled waist and a jacket of bright blue braided with gold,"He wore blue silk stockings, blue knee pants with gold buckles, a blue rusted waist and a jacket and bright blue braiding gold.",0.2916666666666667,0.1171875,8.12,-0.3342040385518755
1284-1180-0000,soundtrack,20,adaptive,False,he wore blue silk stockings blue knee pants with gold buckles a blue ruffled waist and a jacket of bright blue braided with gold,"He wore blue silk stockings, blue knee pants with gold buckles, a blue ruffled waist and a jacket of bright blue braided with gold.",0.125,0.0234375,8.12,-0.2023317991076289
1284-1180-0000,soundtrack,10,raw,False,he wore blue silk stockings blue knee pants with gold buckles a blue ruffled waist and a jacket of bright blue braided with gold,"He wore blue silk stockings, blue knee pants with gold buckles, a blue ruffled waist, and a jacket of bright blue braided with gold.",0.16666666666666666,0.03125,8.12,-0.24202381778094503
1284-1180-0000,soundtrack,10,enhanced,True,he wore blue silk stockings blue knee pants with gold buckles a blue ruffled waist and a jacket of bright blue braided with gold,"He wore blue silk stockings, blue knee pants with gold buckles, a blue rocket waist and a jacket and bright blue braided with gold.",0.20833333333333334,0.0859375,8.12,-0.34150708743504116
1284-1180-0000,soundtrack,10,adaptive,False,he wore blue silk stockings blue knee pants with gold buckles a blue ruffled waist and a jacket of bright blue braided with gold,"He wore blue silk stockings, blue knee pants with gold buckles, a blue ruffled waist, and a jacket of bright blue braided with gold.",0.16666666666666666,0.03125,8.12,-0.24202381778094503
1284-1180-0000,soundtrack,0,raw,False,he wore blue silk stockings blue knee pants with gold buckles a blue ruffled waist and a jacket of bright blue braided with gold,"You wore blue silk stockings, blue knee pants with gold buckles, a blue ruffled waist, and a jacket and bright blue braided new gold.",0.2916666666666667,0.109375,8.12,-0.3524896910316066
1284-1180-0000,soundtrack,0,enhanced,True,he wore blue silk stockings blue knee pants with gold buckles a blue ruffled waist and a jacket of bright blue braided with gold,The war between self-stockings. Blue knee hands with gold buckles. A blue rocket weighs and is activated by blue breathing in gold.,0.6666666666666666,0.3828125,8.12,-0.888606972164578
1284-1180-0000,soundtrack,0,adaptive,False,he wore blue silk stockings blue knee pants with gold buckles a blue ruffled waist and a jacket of bright blue braided with gold,"You wore blue silk stockings, blue knee pants with gold buckles, a blue ruffled waist, and a jacket and bright blue braided new gold.",0.2916666666666667,0.109375,8.12,-0.3524896910316066
1320-122612-0001,white,20,raw,False,the dews were suffered to exhale and the sun had dispersed the mists and was shedding a strong and clear light in the forest when the travelers resumed their journey,"The dues were suffered to exhale, and the sun had dispersed the mists, and was shedding a strong and clear light in the forest when the travelers resumed their journey.",0.13333333333333333,0.030303030303030304,9.52,-0.24950922989263769
1320-122612-0001,white,20,enhanced,True,the dews were suffered to exhale and the sun had dispersed the mists and was shedding a strong and clear light in the forest when the travelers resumed their journey,"The Jews were suffered to exhale, and the sun had dispersed the mist, and was shedding its strong and clear light in the forest when the travelers resumed their journey.",0.16666666666666666,0.04242424242424243,9.52,-0.29028060803046596
1320-122612-0001,white,20,adaptive,True,the dews were suffered to exhale and the sun had dispersed the mists and was shedding a strong and clear light in the forest when the travelers resumed their journey,"The Jews were suffered to exhale, and the sun had dispersed the mist, and was shedding its strong and clear light in the forest when the travelers resumed their journey.",0.16666666666666666,0.04242424242424243,9.52,-0.29028060803046596
1320-122612-0001,white,10,raw,False,the dews were suffered to exhale and the sun had dispersed the mists and was shedding a strong and clear light in the forest when the travelers resumed their journey,The Jews were suffered to exhale and the sun had dispersed the mist and was shedding a strong and clear light in the forest when the travelers resumed their journey.,0.1,0.01818181818181818,9.52,-0.24731383323669434
1320-122612-0001,white,10,enhanced,True,the dews were suffered to exhale and the sun had dispersed the mists and was shedding a strong and clear light in the forest when the travelers resumed their journey,"The dunes were tougher to exhale, and the sun had dispersed the mist, and the shedding had strong and clear light in the forest, and the paddlers were new to their young men.",0.4666666666666667,0.24848484848484848,9.52,-0.6553786330752902
1320-122612-0001,white,10,adaptive,True,the dews were suffered to exhale and the sun had dispersed the mists and was shedding a strong and clear light in the forest when the travelers resumed their journey,"The dunes were tougher to exhale, and the sun had dispersed the mist, and the shedding had strong and clear light in the forest, and the paddlers were new to their young men.",0.4666666666666667,0.24848484848484848,9.52,-0.6553786330752902
1320-122612-0001,white,0,raw,False,the dews were suffered to exhale and the sun had dispersed the mists and was shedding a strong and clear light in the forest when the travelers resumed their journey,"The views were separate to its hair and the sun had dispersed in its, and the sun had strong and clear light in the forest, and the shadows were viewed as their skin.",0.5333333333333333,0.36363636363636365,9.52,-0.8700566322375567
1320-122612-0001,white,0,enhanced,True,the dews were suffered to exhale and the sun had dispersed the mists and was shedding a strong and clear light in the forest when the travelers resumed their journey,"The views reflect their own and the sun has expressed the note, and they're starting to dawn and fear life in the forest, and the path of the wind will gain.",0.7333333333333333,0.503030303030303,9.52,-1.0045922086352395
1320-122612-0001,white,0,adaptive,True,the dews were suffered to exhale and the sun had dispersed the mists and was shedding a strong and clear light in the forest when the travelers resumed their journey,"The views reflect their own and the sun has expressed the note, and they're starting to dawn and fear life in the forest, and the path of the wind will gain.",0.7333333333333333,0.503030303030303,9.52,-1.0045922086352395
1320-122612-0001,pink,20,raw,False,the dews were suffered to exhale and the sun had dispersed the mists and was shedding a strong and clear light in the forest when the travelers resumed their journey,"The dews were suffered to exhale, and the sun had dispersed the mists, and was shedding a strong and clear light in the forest when the travelers resumed their journey.",0.1,0.01818181818181818,9.52,-0.24658176957107172
1320-122612-0001,pink,20,enhanced,True,the dews were suffered to exhale and the sun had dispersed the mists and was shedding a strong and clear light in the forest when the travelers resumed their journey,The Jews were suffered to exhale and the sun had dispersed the mist and was shedding it strong and clear light in the forest when the travelers resumed their journey.,0.13333333333333333,0.030303030303030304,9.52,-0.2956907813613479
1320-122612-0001,pink,20,adaptive,False,the dews were suffered to exhale and the sun had dispersed the mists and was shedding a strong and clear light in the forest when the travelers resumed their journey,"The dews were suffered to exhale, and the sun had dispersed the mists, and was shedding a strong and clear light in the forest when the travelers resumed their journey.",0.1,0.01818181818181818,9.52,-0.24658176957107172
1320-122612-0001,pink,10,raw,False,the dews were suffered to exhale and the sun had dispersed the mists and was shedding a strong and clear light in the forest when the travelers resumed their journey,"The dews were suffered to exhale, and the sun had dispersed the mists, and was shedding a strong and clear light in the forest when the travelers resumed their journey.",0.1,0.01818181818181818,9.52,-0.28576513616050164
1320-122612-0001,pink,10,enhanced,True,the dews were suffered to exhale and the sun had dispersed the mists and was shedding a strong and clear light in the forest when the travelers resumed their journey,The Jews were suffered to exhale and the sun had dispersed the mist and was shedding it strong and clear light in the forest when the travelers resumed their journey.,0.13333333333333333,0.030303030303030304,9.52,-0.2869571318497529
1320-122612-0001,pink,10,adaptive,False,the dews were suffered to exhale and the sun had dispersed the mists and was shedding a strong and clear light in the forest when the travelers resumed their journey,"The dews were suffered to exhale, and the sun had dispersed the mists, and was shedding a strong and clear light in the forest when the travelers resumed their journey.",0.1,0.01818181818181818,9.52,-0.28576513616050164
1320-122612-0001,pink,0,raw,False,the dews were suffered to exhale and the sun had dispersed the mists and was shedding a strong and clear light in the forest when the travelers resumed their journey,The dues were suffered to exhale and the sun had dispersed the mists and was shedding a strong and clear light in the forest when the travelers resumed their journey.,0.06666666666666667,0.01818181818181818,9.52,-0.26492004458968704
1320-122612-0001,pink,0,enhanced,True,the dews were suffered to exhale and the sun had dispersed the mists and was shedding a strong and clear light in the forest when the travelers resumed their journey,The Jews were suffered to exhale and the sun had dispersed the mist and was shedding its strong and clear light in the forest when the travelers resumed their journey.,0.13333333333333333,0.03636363636363636,9.52,-0.2878816675495457
1320-122612-0001,pink,0,adaptive,False,the dews were suffered to exhale and the sun had dispersed the mists and was shedding a strong and clear light in the forest when the travelers resumed their journey,The dues were suffered to exhale and the sun had dispersed the mists and was shedding a strong and clear light in the forest when the travelers resumed their journey.,0.06666666666666667,0.01818181818181818,9.52,-0.26492004458968704
1320-122612-0001,soundtrack,20,raw,False,the dews were suffered to exhale and the sun had dispersed the mists and was shedding a strong and clear light in the forest when the travelers resumed their journey,"The dews were suffered to exhale, and the sun had dispersed the mists, and was shedding a strong and clear light in the forest when the travelers resumed their journey.",0.1,0.01818181818181818,9.52,-0.2442670586781624
1320-122612-0001,soundtrack,20,enhanced,True,the dews were suffered to exhale and the sun had dispersed the mists and was shedding a strong and clear light in the forest when the travelers resumed their journey,"The Jews were suffered to exhale, and the sun had dispersed the mist, and was shedding its strong and clear light in the forest when the travelers resumed their journey.",0.16666666666666666,0.04242424242424243,9.52,-0.28936108564719176
1320-122612-0001,soundtrack,20,adaptive,True,the dews were suffered to exhale and the sun had dispersed the mists and was shedding a strong and clear light in the forest when the travelers resumed their journey,"The Jews were suffered to exhale, and the sun had dispersed the mist, and was shedding its strong and clear light in the forest when the travelers resumed their journey.",0.16666666666666666,0.04242424242424243,9.52,-0.28936108564719176
1320-122612-0001,soundtrack,10,raw,False,the dews were suffered to exhale and the sun had dispersed the mists and was shedding a strong and clear light in the forest when the travelers resumed their journey,"The dews were suffered to exhale, and the sun had dispersed the mists, and was shedding a strong and clear light in the forest when the travelers resumed their journey.",0.1,0.01818181818181818,9.52,-0.30668764579586866
1320-122612-0001,soundtrack,10,enhanced,True,the dews were suffered to exhale and the sun had dispersed the mists and was shedding a strong and clear light in the forest when the travelers resumed their journey,"The Jews were suffered to exhale, and the sun had dispersed the mist, and was shedding its strong and clear light in the forest when the travelers resumed their journey.",0.16666666666666666,0.04242424242424243,9.52,-0.32551998358506423
1320-122612-0001,soundtrack,10,adaptive,True,the dews were suffered to exhale and the sun had dispersed the mists and was shedding a strong and clear light in the forest when the travelers resumed their journey,"The Jews were suffered to exhale, and the sun had dispersed the mist, and was shedding its strong and clear light in the forest when the travelers resumed their journey.",0.16666666666666666,0.04242424242424243,9.52,-0.32551998358506423
1320-122612-0001,soundtrack,0,raw,False,the dews were suffered to exhale and the sun had dispersed the mists and was shedding a strong and clear light in the forest when the travelers resumed their journey,"The dew's were suffered to exhale, and the sun had dispersed the mists, and was shedding a strong and clear light in the forest when the trampoos resumed their journey.",0.16666666666666666,0.05454545454545454,9.52,-0.41867034475911746
1320-122612-0001,soundtrack,0,enhanced,True,the dews were suffered to exhale and the sun had dispersed the mists and was shedding a strong and clear light in the forest when the travelers resumed their journey,"The Jews were separate to the exhale, and the sun had dispersed the winds, and was shedding its strong and clear light in the forest, and the I'm going to get back into the room for that journey.",0.6333333333333333,0.37575757575757573,9.52,-1.076739328567471
1320-122612-0001,soundtrack,0,adaptive,True,the dews were suffered to exhale and the sun had dispersed the mists and was shedding a strong and clear light in the forest when the travelers resumed their journey,"The Jews were separate to the exhale, and the sun had dispersed the winds, and was shedding its strong and clear light in the forest, and the Thank you for the bad news, we'll see you in the next video.",0.7,0.42424242424242425,9.52,-1.0543510140332961
1580-141083-0000,white,20,raw,False,i will endeavour in my statement to avoid such terms as would serve to limit the events to any particular place or give a clue as to the people concerned,I will endeavor in my statement to avoid such terms as would serve to limit the events to any particular place or give a clue as to the people concerned.,0.06666666666666667,0.013071895424836602,8.94,-0.2063204256050727
1580-141083-0000,white,20,enhanced,True,i will endeavour in my statement to avoid such terms as would serve to limit the events to any particular place or give a clue as to the people concerned,I will endeavor in my statement to avoid such terms as would serve to limit the events to any particular place or give a clue as to the people concerned.,0.06666666666666667,0.013071895424836602,8.94,-0.24224750076731047
1580-141083-0000,white,20,adaptive,True,i will endeavour in my statement to avoid such terms as would serve to limit the events to any particular place or give a clue as to the people concerned,I will endeavor in my statement to avoid such terms as would serve to limit the events to any particular place or give a clue as to the people concerned.,0.06666666666666667,0.013071895424836602,8.94,-0.24224750076731047
1580-141083-0000,white,10,raw,False,i will endeavour in my statement to avoid such terms as would serve to limit the events to any particular place or give a clue as to the people concerned,I will endeavor in my statement to avoid such terms as would serve to limit the events to any particular place or give a clue as to the people concerned.,0.06666666666666667,0.013071895424836602,8.94,-0.21188010151187578
1580-141083-0000,white,10,enhanced,True,i will endeavour in my statement to avoid such terms as would serve to limit the events to any particular place or give a clue as to the people concerned,I will endeavor in my statement to avoid such terms as with her to limit the events to any particular place or give a clue as to the people concerned.,0.13333333333333333,0.058823529411764705,8.94,-0.3167596500780847
1580-141083-0000,white,10,adaptive,True,i will endeavour in my statement to avoid such terms as would serve to limit the events to any particular place or give a clue as to the people concerned,I will endeavor in my statement to avoid such terms as with her to limit the events to any particular place or give a clue as to the people concerned.,0.13333333333333333,0.058823529411764705,8.94,-0.3167596500780847
1580-141083-0000,white,0,raw,False,i will endeavour in my statement to avoid such terms as would serve to limit the events to any particular place or give a clue as to the people concerned,I will endeavor in my statement to avoid such terms as reserve to limit the event to any particular place or give a clue as to the people concerned.,0.16666666666666666,0.058823529411764705,8.94,-0.29733588354928153
1580-141083-0000,white,0,enhanced,True,i will endeavour in my statement to avoid such terms as would serve to limit the events to any particular place or give a clue as to the people concerned,I will endeavor in my take to avoid such terms with your third preliminary event and articulate the place. Or give a clue that you can give a clue.,0.6333333333333333,0.39215686274509803,8.94,-0.7521965095871374
1580-141083-0000,white,0,adaptive,True,i will endeavour in my statement to avoid such terms as would serve to limit the events to any particular place or give a clue as to the people concerned,I will endeavor in my take to avoid such terms with your third preliminary event and articulate the place. Or give a clue that you can give a clue.,0.6333333333333333,0.39215686274509803,8.94,-0.7521965095871374
1580-141083-0000,pink,20,raw,False,i will endeavour in my statement to avoid such terms as would serve to limit the events to any particular place or give a clue as to the people concerned,I will endeavor in my statement to avoid such terms as would serve to limit the events to any particular place or give a clue as to the people concerned.,0.06666666666666667,0.013071895424836602,8.94,-0.19156966446077123
1580-141083-0000,pink,20,enhanced,True,i will endeavour in my statement to avoid such terms as would serve to limit the events to any particular place or give a clue as to the people concerned,I will endeavor in my statement to avoid such terms as would serve to limit the events to any particular place or give a clue as to the people concerned.,0.06666666666666667,0.013071895424836602,8.94,-0.19802892373667824
1580-141083-0000,pink,20,adaptive,True,i will endeavour in my statement to avoid such terms as would serve to limit the events to any particular place or give a clue as to the people concerned,I will endeavor in my statement to avoid such terms as would serve to limit the events to any particular place or give a clue as to the people concerned.,0.06666666666666667,0.013071895424836602,8.94,-0.19802892373667824
1580-141083-0000,pink,10,raw,False,i will endeavour in my statement to avoid such terms as would serve to limit the events to any particular place or give a clue as to the people concerned,I will endeavor in my statement to avoid such terms as would serve to limit the events to any particular place or give a clue as to the people concerned.,0.06666666666666667,0.013071895424836602,8.94,-0.18531092037172878
1580-141083-0000,pink,10,enhanced,True,i will endeavour in my statement to avoid such terms as would serve to limit the events to any particular place or give a clue as to the people concerned,I will endeavor in my statement to avoid such terms as would serve to limit the events to any particular place or give a clue as to the people concerned.,0.06666666666666667,0.013071895424836602,8.94,-0.20494921753803888
1580-141083-0000,pink,10,adaptive,True,i will endeavour in my statement to avoid such terms as would serve to limit the events to any particular place or give a clue as to the people concerned,I will endeavor in my statement to avoid such terms as would serve to limit the events to any particular place or give a clue as to the people concerned.,0.06666666666666667,0.013071895424836602,8.94,-0.20494921753803888
1580-141083-0000,pink,0,raw,False,i will endeavour in my statement to avoid such terms as would serve to limit the events to any particular place or give a clue as to the people concerned,I will endeavor in my statement to avoid such terms as would serve to limit the events to any particular place or give a clue as to the people concerned.,0.06666666666666667,0.013071895424836602,8.94,-0.18965962266220765
1580-141083-0000,pink,0,enhanced,True,i will endeavour in my statement to avoid such terms as would serve to limit the events to any particular place or give a clue as to the people concerned,I will endeavor in my statement to avoid such terms as would serve to limit the events to any particular place or give a clue as to the people concerned.,0.06666666666666667,0.013071895424836602,8.94,-0.25401584804058075
1580-141083-0000,pink,0,adaptive,False,i will endeavour in my statement to avoid such terms as would serve to limit the events to any particular place or give a clue as to the people concerned,I will endeavor in my statement to avoid such terms as would serve to limit the events to any particular place or give a clue as to the people concerned.,0.06666666666666667,0.013071895424836602,8.94,-0.18965962266220765
1580-141083-0000,soundtrack,20,raw,False,i will endeavour in my statement to avoid such terms as would serve to limit the events to any particular place or give a clue as to the people concerned,I will endeavor in my statement to avoid such terms as would serve to limit the events to any particular place or give a clue as to the people concerned.,0.06666666666666667,0.013071895424836602,8.94,-0.19923861280960195
1580-141083-0000,soundtrack,20,enhanced,True,i will endeavour in my statement to avoid such terms as would serve to limit the events to any particular place or give a clue as to the people concerned,I will endeavor in my statement to avoid such terms as would serve to limit the events to any particular place or give a clue as to the people concerned.,0.06666666666666667,0.013071895424836602,8.94,-0.22400695002741283
1580-141083-0000,soundtrack,20,adaptive,True,i will endeavour in my statement to avoid such terms as would serve to limit the events to any particular place or give a clue as to the people concerned,I will endeavor in my statement to avoid such terms as would serve to limit the events to any particular place or give a clue as to the people concerned.,0.06666666666666667,0.013071895424836602,8.94,-0.22400695002741283
1580-141083-0000,soundtrack,10,raw,False,i will endeavour in my statement to avoid such terms as would serve to limit the events to any particular place or give a clue as to the people concerned,I will endeavor in my statement to avoid such terms as would serve to limit the events to any particular place or give a clue as to the people concerned.,0.06666666666666667,0.013071895424836602,8.94,-0.2017835177042905
1580-141083-0000,soundtrack,10,enhanced,True,i will endeavour in my statement to avoid such terms as would serve to limit the events to any particular place or give a clue as to the people concerned,I will endeavor in my statement to avoid such terms as we serve to limit the events to any particular place or give a clue as to the people concerned.,0.1,0.0392156862745098,8.94,-0.2322952159576946
1580-141083-0000,soundtrack,10,adaptive,True,i will endeavour in my statement to avoid such terms as would serve to limit the events to any particular place or give a clue as to the people concerned,I will endeavor in my statement to avoid such terms as we serve to limit the events to any particular place or give a clue as to the people concerned.,0.1,0.0392156862745098,8.94,-0.2322952159576946
1580-141083-0000,soundtrack,0,raw,False,i will endeavour in my statement to avoid such terms as would serve to limit the events to any particular place or give a clue as to the people concerned,I will endeavor in my statement to avoid such terms as would serve to limit the events to any particular place or give a clue as to the people concerned.,0.06666666666666667,0.013071895424836602,8.94,-0.22360408744391272
1580-141083-0000,soundtrack,0,enhanced,True,i will endeavour in my statement to avoid such terms as would serve to limit the events to any particular place or give a clue as to the people concerned,I will endeavor in our statement to avoid such terms as reserved to limit the events to make particular place or give a clue as to the people in the start.,0.26666666666666666,0.16993464052287582,8.94,-0.43866565743008173
1580-141083-0000,soundtrack,0,adaptive,True,i will endeavour in my statement to avoid such terms as would serve to limit the events to any particular place or give a clue as to the people concerned,I will endeavor in our statement to avoid such terms as reserved to limit the events to make particular place or give a clue as to the people in the start.,0.26666666666666666,0.16993464052287582,8.94,-0.43866565743008173
1995-1826-0000,white,20,raw,False,in the debate between the senior societies her defence of the fifteenth amendment had been not only a notable bit of reasoning but delivered with real enthusiasm,"In the debate between the senior societies, her defense of the 15th Amendment had been not only a notable bit of reasoning but delivered with real enthusiasm.",0.14814814814814814,0.062111801242236024,9.485,-0.27891658544540404
1995-1826-0000,white,20,enhanced,True,in the debate between the senior societies her defence of the fifteenth amendment had been not only a notable bit of reasoning but delivered with real enthusiasm,"And the debate between the scene of society is how the fans of the 15th Amendment have been not really a notable bit of reasoning, but delivered with real enthusiasm.",0.48148148148148145,0.19875776397515527,9.485,-0.438342757130924
1995-1826-0000,white,20,adaptive,True,in the debate between the senior societies her defence of the fifteenth amendment had been not only a notable bit of reasoning but delivered with real enthusiasm,"And the debate between the scene of society is how the fans of the 15th Amendment have been not really a notable bit of reasoning, but delivered with real enthusiasm.",0.48148148148148145,0.19875776397515527,9.485,-0.438342757130924
1995-1826-0000,white,10,raw,False,in the debate between the senior societies her defence of the fifteenth amendment had been not only a notable bit of reasoning but delivered with real enthusiasm,"And the debate between the senior societies, how the fence over 15th Amendment had been not only a notable bit of reasoning, but delivered with real enthusiasm.",0.3333333333333333,0.13664596273291926,9.485,-0.4713744677603245
1995-1826-0000,white,10,enhanced,True,in the debate between the senior societies her defence of the fifteenth amendment had been not only a notable bit of reasoning but delivered with real enthusiasm,"And the base between the scenes is on. These were the things that were affecting the moment. And they were not even able to know about that arrangement, but delivered with real enthusiasm.",0.8888888888888888,0.5279503105590062,9.485,-0.7427777868250142
1995-1826-0000,white,10,adaptive,True,in the debate between the senior societies her defence of the fifteenth amendment had been not only a notable bit of reasoning but delivered with real enthusiasm,"And the base between the scenes is on. These were the things that were affecting the moment. And they were not even able to know about that arrangement, but delivered with real enthusiasm.",0.8888888888888888,0.5279503105590062,9.485,-0.7427777868250142
1995-1826-0000,white,0,raw,False,in the debate between the senior societies her defence of the fifteenth amendment had been not only a notable bit of reasoning but delivered with real enthusiasm,"And the base between the two of the time, and the same as the 15 of the moment, has been manually denoted instead of using it, but the result is the same as the two of the time.",1.1851851851851851,0.6335403726708074,9.485,-0.9249268426344945
1995-1826-0000,white,0,enhanced,True,in the debate between the senior societies her defence of the fifteenth amendment had been not only a notable bit of reasoning but delivered with real enthusiasm,"So they don't get, heroop duffin' Or, naht, heroop duffin' And this is what a momma to, If they don't get gold, but if they don't get gold I Don't get gold",1.1481481481481481,0.7204968944099379,9.485,-2.9917471078725963
1995-1826-0000,white,0,adaptive,True,in the debate between the senior societies her defence of the fifteenth amendment had been not only a notable bit of reasoning but delivered with real enthusiasm,By being so totally over Don't get eliminated by a good deal But believing yet you're increasing,0.9259259259259259,0.6770186335403726,9.485,-3.0904034009346595
1995-1826-0000,pink,20,raw,False,in the debate between the senior societies her defence of the fifteenth amendment had been not only a notable bit of reasoning but delivered with real enthusiasm,"In the debate between the senior society's her defense of the 15th Amendment had been, not only a notable bit of reasoning, but delivered with real enthusiasm.",0.2222222222222222,0.08074534161490683,9.485,-0.2869200448732118
1995-1826-0000,pink,20,enhanced,True,in the debate between the senior societies her defence of the fifteenth amendment had been not only a notable bit of reasoning but delivered with real enthusiasm,"In the debate between the senior society's heard a fence of the 15th Amendment have been not only a notable bit of reasoning, but delivered with real enthusiasm.",0.2962962962962963,0.10559006211180125,9.485,-0.34785716598098343
1995-1826-0000,pink,20,adaptive,False,in the debate between the senior societies her defence of the fifteenth amendment had been not only a notable bit of reasoning but delivered with real enthusiasm,"In the debate between the senior society's her defense of the 15th Amendment had been, not only a notable bit of reasoning, but delivered with real enthusiasm.",0.2222222222222222,0.08074534161490683,9.485,-0.2869200448732118
1995-1826-0000,pink,10,raw,False,in the debate between the senior societies her defence of the fifteenth amendment had been not only a notable bit of reasoning but delivered with real enthusiasm,In the debate between the senior society's her defense of the 15th Amendment had been not only a notable bit of reasoning but delivered with real enthusiasm.,0.14814814814814814,0.06832298136645963,9.485,-0.26656057494027274
1995-1826-0000,pink,10,enhanced,True,in the debate between the senior societies her defence of the fifteenth amendment had been not only a notable bit of reasoning but delivered with real enthusiasm,In the debate between the senior society's heard a fence of the 15th Amendment have been not only a notable bit of reasoning but delivered with real enthusiasm.,0.25925925925925924,0.09937888198757763,9.485,-0.3405027588208516
1995-1826-0000,pink,10,adaptive,False,in the debate between the senior societies her defence of the fifteenth amendment had been not only a notable bit of reasoning but delivered with real enthusiasm,In the debate between the senior society's her defense of the 15th Amendment had been not only a notable bit of reasoning but delivered with real enthusiasm.,0.14814814814814814,0.06832298136645963,9.485,-0.26656057494027274
1995-1826-0000,pink,0,raw,False,in the debate between the senior societies her defence of the fifteenth amendment had been not only a notable bit of reasoning but delivered with real enthusiasm,In the debate between the senior society's her defense of the 15th Amendment had been not only a notable bit of reasoning but delivered with real enthusiasm.,0.14814814814814814,0.06832298136645963,9.485,-0.2792925987924848
1995-1826-0000,pink,0,enhanced,True,in the debate between the senior societies her defence of the fifteenth amendment had been not only a notable bit of reasoning but delivered with real enthusiasm,In the debate between the senior society's heard a fence of the 15th amendment had been not only a notable bit of reasoning but delivered with real enthusiasm.,0.2222222222222222,0.08695652173913043,9.485,-0.4142277729180124
1995-1826-0000,pink,0,adaptive,False,in the debate between the senior societies her defence of the fifteenth amendment had been not only a notable bit of reasoning but delivered with real enthusiasm,In the debate between the senior society's her defense of the 15th Amendment had been not only a notable bit of reasoning but delivered with real enthusiasm.,0.14814814814814814,0.06832298136645963,9.485,-0.2792925987924848
1995-1826-0000,soundtrack,20,raw,False,in the debate between the senior societies her defence of the fifteenth amendment had been not only a notable bit of reasoning but delivered with real enthusiasm,"In the debate between the senior societies, her defense of the 15th Amendment had been not only a notable bit of reasoning but delivered with real enthusiasm.",0.14814814814814814,0.062111801242236024,9.485,-0.2740427425929478
1995-1826-0000,soundtrack,20,enhanced,True,in the debate between the senior societies her defence of the fifteenth amendment had been not only a notable bit of reasoning but delivered with real enthusiasm,"In the debate between the senior society, he's heard a fan said the 15th Amendment had been not really a notable bit of reasoning, but delivered with real enthusiasm.",0.37037037037037035,0.17391304347826086,9.485,-0.44502356579137403
1995-1826-0000,soundtrack,20,adaptive,False,in the debate between the senior societies her defence of the fifteenth amendment had been not only a notable bit of reasoning but delivered with real enthusiasm,"In the debate between the senior societies, her defense of the 15th Amendment had been not only a notable bit of reasoning but delivered with real enthusiasm.",0.14814814814814814,0.062111801242236024,9.485,-0.2740427425929478
1995-1826-0000,soundtrack,10,raw,False,in the debate between the senior societies her defence of the fifteenth amendment had been not only a notable bit of reasoning but delivered with real enthusiasm,"In the debate between the senior societies, her defense of the 15th Amendment had been not only a notable bit of reasoning but delivered with real enthusiasm.",0.14814814814814814,0.062111801242236024,9.485,-0.29464281967708045
1995-1826-0000,soundtrack,10,enhanced,True,in the debate between the senior societies her defence of the fifteenth amendment had been not only a notable bit of reasoning but delivered with real enthusiasm,"In the debate between the seniors and counties, how to face over 15 to 9 minutes, have been not only a notable bit of reasoning, but delivered with real enthusiasm.",0.5185185185185185,0.2422360248447205,9.485,-0.6087871429532073
1995-1826-0000,soundtrack,10,adaptive,False,in the debate between the senior societies her defence of the fifteenth amendment had been not only a notable bit of reasoning but delivered with real enthusiasm,"In the debate between the senior societies, her defense of the 15th Amendment had been not only a notable bit of reasoning but delivered with real enthusiasm.",0.14814814814814814,0.062111801242236024,9.485,-0.29464281967708045
1995-1826-0000,soundtrack,0,raw,False,in the debate between the senior societies her defence of the fifteenth amendment had been not only a notable bit of reasoning but delivered with real enthusiasm,"In the debate between the senior societies, her defense of the 15th Amendment had been not only a notable bit of reasoning, but delivered with real enthusiasm.",0.18518518518518517,0.06832298136645963,9.485,-0.25530313043033376
1995-1826-0000,soundtrack,0,enhanced,True,in the debate between the senior societies her defence of the fifteenth amendment had been not only a notable bit of reasoning but delivered with real enthusiasm,"In the debate, we are going to see this in the term. It is really pretty inside the picture of the video. Not only am I going to go to the video recently, but the video is really interesting.",1.1851851851851851,0.7080745341614907,9.485,-0.9149823118658627
1995-1826-0000,soundtrack,0,adaptive,False,in the debate between the senior societies her defence of the fifteenth amendment had been not only a notable bit of reasoning but delivered with real enthusiasm,"In the debate between the senior societies, her defense of the 15th Amendment had been not only a notable bit of reasoning, but delivered with real enthusiasm.",0.18518518518518517,0.06832298136645963,9.485,-0.25530313043033376
